"","Species","Trophic_level","Diel_activity","Habitat_breadth_IUCN","Artificial_habitat_use","Forest","Savanna","Shrubland","Grassland","Wetland","Rocky.areas","Caves.and.subterranean","Desert","Marine","Marine.intertidal.or.coastal.supratidal","Artificial","Introduced.vegetation","Other.Unknown","Class","Order","Family","Genus","Body_length_mm","Body_mass_g","Maturity_d","Max_longevity_d","Litter_clutch_size","Adult_svl_cm","Longevity_d","Generation_length_d"
"1","Accipiter gentilis","Carnivore","Other","5","TRUE","1","0","0","1","0","0","0","0","0","0","1","0","0","Aves","Accipitriformes","Accipitridae","Accipiter",NA,943.7675170898,683.4175,8035.5,3.5,54.5,6467.9687487825,2558.3756393595
"2","Accipiter nisus","Carnivore","Other","19","TRUE","1","1","1","0","0","0","0","0","0","0","1","0","0","Aves","Accipitriformes","Accipitridae","Accipiter",NA,220.79,365,7396.3125,4.75,34,6534.9312512175,2620.8762784755
"3","Acrocephalus arundinaceus","Carnivore","Other","28","TRUE","0","1","1","1","1","0","0","0","0","0","1","0","0","Aves","Passeriformes","Acrocephalidae","Acrocephalus",NA,30,364.617,3682.9374987825,4.2,NA,3652.5,1544.7740694555
"4","Aegithalos caudatus","Carnivore","Other","34","TRUE","1","0","1","0","1","0","0","0","0","0","1","0","0","Aves","Passeriformes","Aegithalidae","Aegithalos",NA,8.275,365,4054.275,9.9,NA,3944.7,1520.60493017625
"5","Aegolius funereus","Carnivore","Nocturnal","6","FALSE","1","0","0","0","0","0","0","0","0","0","0","0","0","Aves","Strigiformes","Strigidae","Aegolius",NA,137.18,364.617,5807.475,5.145,21,4017.75,2119.41846585375
"6","Aegypius monachus","Carnivore","Other","8","FALSE","1","0","1","1","0","0","0","0","0","0","0","0","0","Aves","Accipitriformes","Accipitridae","Aegypius",NA,9472.775,1999.074,14244.75,1,110,11779.3125,6483.1875
"7","Alauda arvensis",NA,"Other","42","TRUE","0","0","1","1","1","0","0","0","0","1","1","0","0","Aves","Passeriformes","Alaudidae","Alauda",NA,37.405,364.617,3689.025,3.43,NA,3652.5,1638.08845375313
"8","Alcedo atthis","Carnivore","Other","24","TRUE","1","0","0","1","1","0","0","0","1","1","1","0","0","Aves","Coraciiformes","Alcedinidae","Alcedo",NA,31.25,365,7670.25,6.5,NA,7670.25,1589.37574080075
"9","Alectoris rufa","Herbivore","Other","5","TRUE","0","0","1","1","0","1","0","0","0","0","1","0","0","Aves","Galliformes","Phasianidae","Alectoris",NA,527.86,363.468,2282.8125,12,36.5,2273.68125,1423.033223838
"10","Anas crecca","Herbivore","Other","20","FALSE","0","0","0","0","1","0","0","0","0","0","0","0","0","Aves","Anseriformes","Anatidae","Anas",NA,342.145,225.867,9898.275,9.5,38.5,7578.9375,2310.75593919675
"11","Anas platyrhynchos",NA,"Other","24","TRUE","0","0","0","0","1","0","0","0","0","0","1","0","0","Aves","Anseriformes","Anatidae","Anas",NA,1122,365,10628.775,10.515,57.5,9951.54062560875,2414.59153364775
"12","Anguis fragilis",NA,NA,NA,NA,NA,NA,NA,NA,NA,NA,NA,NA,NA,NA,NA,NA,NA,"Reptilia","Squamata","Anguidae","Anguis",NA,NA,NA,NA,NA,NA,NA,NA
"13","Anthus pratensis","Carnivore","Other","13","FALSE","0","0","0","1","1","0","0","0","0","1","1","0","0","Aves","Passeriformes","Motacillidae","Anthus",NA,18.4,365,3195.9375,4.775,NA,2821.55625,1400.402067936
"14","Anthus spinoletta","Carnivore","Other","8","TRUE","0","0","0","1","1","1","0","0","0","1","1","0","0","Aves","Passeriformes","Motacillidae","Anthus",NA,23.9,363.468,3256.81250012175,4.6,NA,3220.40925,1353.0029362485
"15","Anthus trivialis","Carnivore","Other","15","TRUE","1","1","1","1","0","0","0","0","0","0","1","0","0","Aves","Passeriformes","Motacillidae","Anthus",NA,23.4,364.617,3195.9375,4.64,NA,2989.023375,1315.6556898315
"16","Apodemus flavicollis","Herbivore","Nocturnal","5","FALSE","1","0","1","0","0","0","0","0","0","0","0","0","0","Mammalia","Rodentia","Muridae","Apodemus",NA,29.375,47.488515,1551.25,5.22,12.656,1550.79062487825,513.1567
"17","Apodemus sylvaticus","Omnivore","Nocturnal","10","TRUE","1","0","1","1","0","0","0","0","0","1","1","0","0","Mammalia","Rodentia","Muridae","Apodemus",NA,23.4,62.965,1952.75,5.17,11.8755,1607.1,626.6475
"18","Apus apus","Carnivore","Other","30","TRUE","1","1","1","1","1","1","0","1","0","0","1","0","0","Aves","Apodiformes","Apodidae","Apus",NA,39,729.234,7700.6874987825,2.3,16.5,7670.25,4087.5772056675
"19","Aquila chrysaetos","Carnivore","Other","17","FALSE","1","0","1","1","0","1","0","1","0","0","0","0","0","Aves","Accipitriformes","Accipitridae","Aquila",NA,4263.5,1460,17532,2,78,11688,6320.85416829
"20","Aquila fasciata","Carnivore","Other","7","FALSE","1","0","1","1","1","1","0","0","0","0","0","0","0","Aves","Accipitriformes","Accipitridae","Aquila",NA,1968.245,1090.404,7305,2,61,7305,6574.5
"21","Arvicola amphibius","Omnivore","Nocturnal","9","TRUE","1","0","0","1","1","0","0","0","0","0","1","0","0","Mammalia","Rodentia","Cricetidae","Arvicola",NA,114.375,48.215,1826.25,4.92,20.6785,1552.3125,656.0875
"22","Arvicola sapidus","Omnivore","Nocturnal","8","FALSE","0","0","0","0","1","0","0","0","0","0","0","0","0","Mammalia","Rodentia","Cricetidae","Arvicola",NA,219.99,48.10921,1278.48,4.125,22,1278.375,656.0875
"23","Asio otus","Carnivore","Nocturnal","48","TRUE","1","0","1","1","1","0","0","0","0","0","1","0","0","Aves","Strigiformes","Strigidae","Asio",NA,296.57,364.617,10153.95,4.5,37.5,10144.81875,2628.5775907965
"24","Athene noctua","Carnivore","Nocturnal","9","TRUE","0","1","1","1","0","0","0","0","0","0","1","0","0","Aves","Strigiformes","Strigidae","Athene",NA,169,364.617,5691.8124987825,4,21,4048.1874987825,1617.53571444225
"25","Bubo bubo","Carnivore","Nocturnal","20","TRUE","1","0","1","1","0","0","1","0","0","0","1","0","0","Aves","Strigiformes","Strigidae","Bubo",NA,2668.51,730,24837,2.25,64.5,17410.2500012175,4426.743033975
"26","Bufo bufo","Carnivore","Other","26","TRUE","1","0","1","1","1","0","0","0","0","0","1","0","0","Amphibia","Anura","Bufonidae","Bufo",148,164.75,730.5,14610,5383,NA,NA,NA
"27","Burhinus oedicnemus","Carnivore","Other","20","TRUE","0","0","1","1","0","0","0","0","0","0","1","0","0","Aves","Charadriiformes","Burhinidae","Burhinus",NA,459,726.936,6537.975,2,NA,6513.0162512175,3820.515
"28","Buteo buteo","Carnivore","Other","42","TRUE","1","0","1","1","1","0","0","0","0","0","1","0","0","Aves","Accipitriformes","Accipitridae","Buteo",NA,875,820.101,10519.2,3,46,9254.2175012175,3672.9371802375
"29","Canis lupus","Carnivore","Nocturnal","16","TRUE","1","0","1","1","1","1","0","1","0","0","1","0","0","Mammalia","Carnivora","Canidae","Canis",NA,27628.255,654.53618,8489.9375,4.98,127,7305,2449.2733335
"30","Capreolus capreolus","Herbivore","Nocturnal","14","TRUE","1","0","1","1","1","0","0","0","0","0","1","0","0","Mammalia","Artiodactyla","Cervidae","Capreolus",NA,22500,467.485,6265.8333333,1.7875,151,6294.4749987825,2335.391667
"31","Caprimulgus europaeus","Carnivore","Nocturnal","6","FALSE","1","0","1","1","0","0","0","0","0","0","0","0","0","Aves","Caprimulgiformes","Caprimulgidae","Caprimulgus",NA,70.5,364.617,4352.5625012175,2,NA,4346.475,2054.53125
"32","Carduelis carduelis",NA,"Other","40","TRUE","1","0","1","1","1","0","0","0","0","0","1","0","0","Aves","Passeriformes","Fringillidae","Carduelis",NA,17.5,365,9861.75,4.9,NA,5143.9374987825,1520.4349461135
"33","Carduelis citrinella",NA,"Other","3","FALSE","1","0","1","1","0","0","0","0","0","0","0","0","0","Aves","Passeriformes","Fringillidae","Carduelis",NA,12.45,NA,2070.9675,4.475,NA,2070.9675,1590.160869417
"34","Certhia brachydactyla","Carnivore","Other","7","TRUE","1","0","1","0","0","0","0","0","0","0","1","0","0","Aves","Passeriformes","Certhiidae","Certhia",NA,8.325,365,2100.1875,5.9,NA,2091.05625,1219.59605493975
"35","Certhia familiaris","Carnivore","Other","4","FALSE","1","0","0","0","0","0","0","0","0","0","0","0","0","Aves","Passeriformes","Certhiidae","Certhia",NA,9.1,364.617,2982.87500012175,5.45,NA,2711.98125,1250.89831816125
"36","Cervus elaphus",NA,NA,NA,NA,NA,NA,NA,NA,NA,NA,NA,NA,NA,NA,NA,NA,NA,"Mammalia","Artiodactyla","Cervidae","Cervus",NA,NA,NA,NA,NA,NA,NA,NA
"37","Chalcides striatus","Carnivore","Other","7","TRUE","1","0","1","1","0","0","0","0","0","0","1","0","0","Reptilia","Squamata","Scincidae","Chalcides",NA,34.1979442513709,NA,5113.5,7.325,11.986,4182.1125,NA
"38","Chionomys nivalis",NA,NA,NA,NA,NA,NA,NA,NA,NA,NA,NA,NA,NA,NA,NA,NA,NA,"Mammalia","Rodentia","Cricetidae","Chionomys",NA,NA,NA,NA,NA,NA,NA,NA
"39","Chloris chloris","Herbivore","Other","13","TRUE","1","0","1","0","0","0","0","0","0","0","1","0","0","Aves","Passeriformes","Fringillidae","Chloris",NA,26.825,364.617,4961.312,4.9,NA,4748.25,1549.839
"40","Chroicocephalus ridibundus","Carnivore","Other","30","TRUE","0","0","0","1","1","0","0","0","1","1","1","0","0","Aves","Charadriiformes","Laridae","Chroicocephalus",NA,271.6667,729.234,23010.75,2.7,NA,11444.5,3504.878
"41","Cinclus cinclus","Carnivore","Other","3","FALSE","0","0","0","0","1","1","0","0","0","0","0","0","0","Aves","Passeriformes","Cinclidae","Cinclus",NA,61.47,364.617,3871.65,4.52,NA,3865.562,1499.393
"42","Circaetus gallicus","Carnivore","Other","39","FALSE","1","1","1","1","0","0","0","1","0","0","0","0","0","Aves","Accipitriformes","Accipitridae","Circaetus",NA,1699.5,1184.718,6318.825,1,66,6318.825,4722.371
"43","Circus aeruginosus","Carnivore","Other","12","TRUE","0","0","0","0","1","0","0","0","0","1","1","0","0","Aves","Accipitriformes","Accipitridae","Circus",NA,704.07,774.6675,7341.525,4.75,48.5,6647.55,2908.97
"44","Circus cyaneus","Carnivore","Other","24","TRUE","1","0","1","1","1","0","0","0","0","0","1","0","0","Aves","Accipitriformes","Accipitridae","Circus",NA,436.39445,474.7,6245.775,4.5,45.875,6057.0325,2858.799
"45","Circus pygargus","Carnivore","Other","9","TRUE","0","0","1","1","1","0","0","0","0","0","1","0","0","Aves","Accipitriformes","Accipitridae","Circus",NA,313.125,774.6675,5953.575,4.25,44,5929.225,2882.955
"46","Cisticola juncidis","Carnivore","Other","22","TRUE","0","0","1","1","1","0","0","0","0","1","1","0","0","Aves","Passeriformes","Cisticolidae","Cisticola",NA,7.05,NA,NA,3.7,NA,NA,1517.763
"47","Clamator glandarius","Carnivore","Other","10","TRUE","0","1","1","1","0","0","0","0","0","0","1","0","0","Aves","Cuculiformes","Cuculidae","Clamator",NA,143,363.468,NA,4.8,NA,NA,1534.05
"48","Coccothraustes coccothraustes",NA,"Other","6","TRUE","1","0","0","0","0","0","0","0","0","0","1","0","0","Aves","Passeriformes","Fringillidae","Coccothraustes",NA,56.63,364.617,4602.15,4,NA,4596.062,2002.258
"49","Coloeus monedula",NA,NA,NA,NA,NA,NA,NA,NA,NA,NA,NA,NA,NA,NA,NA,NA,NA,"Aves","Passeriformes","Corvidae","Coloeus",NA,242.875,683.8005,7426.75,4.5,36.5,5296.125,2693.687
"50","Columba livia","Herbivore","Other","5","TRUE","0","0","0","0","0","1","1","0","0","0","1","0","0","Aves","Columbiformes","Columbidae","Columba",NA,354.2,140,12783.75,2,NA,7868.094,2112.273
"51","Columba oenas",NA,"Other","22","TRUE","1","0","1","0","0","1","1","0","0","0","1","0","0","Aves","Columbiformes","Columbidae","Columba",NA,291,364.617,4602.15,2.17,NA,4596.062,1940.391
"52","Columba palumbus",NA,"Other","20","TRUE","1","0","1","0","0","0","0","0","0","0","1","0","0","Aves","Columbiformes","Columbidae","Columba",NA,489.25,364.617,6452.75,1.9,NA,5965.141,2068.722
"53","Coronella austriaca","Carnivore","Other","6","TRUE","1","0","1","1","0","1","0","0","0","0","1","0","0","Reptilia","Squamata","Colubridae","Coronella",NA,66.5,1369.73,4383,8.75,NA,474.825,NA
"54","Corvus corax",NA,"Other","10","TRUE","1","0","1","1","0","1","0","0","0","0","1","0","0","Aves","Passeriformes","Corvidae","Corvus",NA,1097,1095,25202.25,4.8,63.5,7974.686,2870.697
"55","Corvus corone",NA,"Other","35","TRUE","1","0","1","1","1","1","0","0","0","1","1","0","0","Aves","Passeriformes","Corvidae","Corvus",NA,544.5,1002.984,7000.625,4.5,52,5357,2485.437
"56","Coturnix coturnix","Herbivore","Other","8","TRUE","0","0","0","1","0","0","0","0","0","0","1","0","0","Aves","Galliformes","Phasianidae","Coturnix",NA,96.5,364.617,5326.562,10.30488,19,4017.75,1038.079
"57","Crocidura russula","Carnivore","Nocturnal","5","TRUE","0","0","1","0","0","0","0","0","0","0","1","0","0","Mammalia","Soricomorpha","Soricidae","Crocidura",NA,9.89,70.94,1314,4.04,8.2145,1168.8,448.652
"58","Cuculus canorus","Carnivore","Other","9","TRUE","1","1","1","1","0","0","0","0","0","0","1","0","0","Aves","Cuculiformes","Cuculidae","Cuculus",NA,111.43,365,4717.813,9.2,NA,4714.769,2542.14
"59","Cyanistes caeruleus","Carnivore","Other","36","TRUE","1","0","1","0","0","0","0","1","0","0","1","0","0","Aves","Passeriformes","Paridae","Cyanistes",NA,11.85,365,5332.65,8,NA,4778.627,1615.679
"60","Delichon urbicum",NA,NA,"10","TRUE","1","1","0","1","0","1","0","0","0","0","1","0","0","Aves","Passeriformes","Hirundinidae","Delichon",NA,16.775,365,5478.75,4,NA,5296.125,1569.533
"61","Dendrocopos major","Carnivore","Other","8","TRUE","1","0","0","0","0","0","0","0","0","0","1","0","0","Aves","Piciformes","Picidae","Dendrocopos",NA,86.47,365,4638.675,5.615,22,4632.587,1896.51
"62","Dryocopus martius","Carnivore","Other","6","FALSE","1","0","0","0","0","0","0","0","0","0","0","0","0","Aves","Piciformes","Picidae","Dryocopus",NA,318.25,364.617,5113.5,4.8,50,5113.5,2542.14
"63","Eliomys quercinus","Omnivore","Nocturnal","4","FALSE","1","0","0","0","0","1","0","0","0","0","1","0","0","Mammalia","Rodentia","Gliridae","Eliomys",NA,114.805,511.392,2008.875,4.99,15.687,2008.875,1013.94125
"64","Emberiza calandra","Herbivore","Other","3","TRUE","0","0","0","1","0","0","0","0","0","0","1","0","0","Aves","Passeriformes","Emberizidae","Emberiza",NA,48.75,364.617,3865.562,4.5,NA,3835.125,1606.361
"65","Emberiza cia","Herbivore","Other","4","TRUE","1","0","1","0","0","1","0","0","0","0","1","0","0","Aves","Passeriformes","Emberizidae","Emberiza",NA,23.43,NA,NA,4.1,NA,NA,1326.794
"66","Emberiza cirlus","Herbivore","Other","4","TRUE","0","0","1","0","0","0","0","0","0","0","1","0","0","Aves","Passeriformes","Emberizidae","Emberiza",NA,25.6,365,2228.025,3.5,NA,2224.92,1326.794
"67","Emberiza citrinella","Herbivore","Other","5","TRUE","1","0","1","1","0","0","0","0","0","0","1","0","0","Aves","Passeriformes","Emberizidae","Emberiza",NA,29.7,364.617,4839.562,3.9,NA,4748.25,1335.606
"68","Emberiza hortulana","Carnivore","Other","9","TRUE","0","0","1","1","0","0","0","1","0","0","1","0","0","Aves","Passeriformes","Emberizidae","Emberiza",NA,19.9,NA,2495.875,4.5,NA,2130.869,1326.794
"69","Emberiza schoeniclus","Herbivore","Other","13","TRUE","0","0","0","0","1","0","0","0","0","0","1","0","0","Aves","Passeriformes","Emberizidae","Emberiza",NA,18.45,364.617,4474.312,4.5,NA,4099.931,1318.348
"70","Erinaceus europaeus","Carnivore","Nocturnal","7","TRUE","1","0","0","1","0","0","0","0","0","0","1","0","0","Mammalia","Erinaceomorpha","Erinaceidae","Erinaceus",NA,774.475,262.6,5113.5,4.43,26.8585,4252.1187512175,1608.5234
"71","Erithacus rubecula",NA,"Other","23","TRUE","1","0","1","1","0","0","0","0","0","0","1","0","0","Aves","Passeriformes","Muscicapidae","Erithacus",NA,17.7,364.617,7061.5,5.17,NA,6282.3,2203.003
"72","Falco columbarius","Carnivore","Other","10","TRUE","1","0","1","1","0","0","0","0","0","1","1","0","0","Aves","Falconiformes","Falconidae","Falco",NA,188.5,455.101,5844,4.5,28,4565.625,2070.525
"73","Falco peregrinus","Carnivore","Other","58","TRUE","1","1","1","1","1","1","0","1","0","1","1","0","0","Aves","Falconiformes","Falconidae","Falco",NA,798,545.968,9131.25,3.5,41.875,6332.218,2405.952
"74","Falco subbuteo","Carnivore","Other","9","TRUE","1","1","1","1","1","0","0","0","0","0","1","0","0","Aves","Falconiformes","Falconidae","Falco",NA,209.5,455.484,5150.025,3,31,3944.7,2344.462
"75","Falco tinnunculus","Carnivore","Other","20","TRUE","1","0","1","1","0","0","0","0","0","0","1","0","0","Aves","Falconiformes","Falconidae","Falco",NA,184,365,8705.369,4.5,31,7457.188,1985.385
"76","Felis silvestris",NA,NA,NA,NA,NA,NA,NA,NA,NA,NA,NA,NA,NA,NA,NA,NA,NA,"Mammalia","Carnivora","Felidae","Felis",NA,NA,NA,NA,NA,NA,NA,NA
"77","Ficedula hypoleuca","Carnivore","Other","12","TRUE","1","1","1","0","0","0","0","0","0","0","1","0","0","Aves","Passeriformes","Muscicapidae","Ficedula",NA,13.79,365,5478.75,5.85,NA,3987.313,1544.422
"78","Fringilla coelebs","Carnivore","Other","18","TRUE","1","0","1","0","0","0","0","0","0","0","1","0","0","Aves","Passeriformes","Fringillidae","Fringilla",NA,22.625,364.617,10592.25,4.5,NA,10592.25,2088.789
"79","Fulica atra",NA,"Other","41","TRUE","0","0","0","1","1","0","0","0","1","1","1","0","0","Aves","Gruiformes","Rallidae","Fulica",NA,775,365,11797.58,7.6,NA,7521.106,2565.093
"80","Galerida cristata",NA,"Other","24","TRUE","0","1","1","1","0","0","0","0","0","1","1","0","0","Aves","Passeriformes","Alaudidae","Galerida",NA,42.68,365,4230.812,4.275,NA,3211.156,1387.95
"81","Gallinago gallinago","Carnivore","Other","22","TRUE","1","0","0","1","1","0","0","0","1","0","1","0","0","Aves","Charadriiformes","Scolopacidae","Gallinago",NA,112.94,410.0505,6647.55,4,NA,4504.75,1737.22
"82","Gallinula chloropus",NA,"Other","60","TRUE","0","0","0","0","1","0","0","0","0","1","1","0","0","Aves","Gruiformes","Rallidae","Gallinula",NA,358.315,364.617,6793.65,7,NA,4687.375,2153.149
"83","Garrulus glandarius",NA,"Other","10","TRUE","1","0","0","0","0","0","0","0","0","0","1","0","0","Aves","Passeriformes","Corvidae","Garrulus",NA,160.85,364.617,6544.063,5,34,6209.25,2748.755
"84","Genetta genetta","Omnivore","Nocturnal","12","FALSE","1","1","1","0","0","1","0","0","0","0","1","0","0","Mammalia","Carnivora","Viverridae","Genetta",NA,1800,1370.87,12418.5,2.29,56.622,7889.4,4194.899833
"85","Glis glis","Omnivore","Other","5","TRUE","1","0","1","0","0","0","0","0","0","0","1","0","0","Mammalia","Rodentia","Gliridae","Glis",NA,134.0675,334.0604,3287.25,4.95,17.854,3177.675,1152.9402
"86","Hieraaetus pennatus","Carnivore","Other","8","FALSE","1","0","1","0","0","0","0","1","0","0","0","0","0","Aves","Accipitriformes","Accipitridae","Hieraaetus",NA,834.5,726.936,4383,2,46.5,4383,6574.5
"87","Hierophis viridiflavus",NA,"Other","8","TRUE","1","0","1","0","0","0","0","0","0","0","1","0","0","Reptilia","Squamata","Colubridae","Hierophis",NA,386.483488527035,NA,12053.25,12.5,NA,NA,NA
"88","Hirundo rustica","Carnivore","Other","16","TRUE","0","1","1","1","1","0","0","0","0","0","1","0","0","Aves","Passeriformes","Hirundinidae","Hirundo",NA,17.91,365,5844,4.495,NA,4931.484,1439.482
"89","Hypsugo savii",NA,"Nocturnal","12","TRUE","1","0","1","1","1","1","0","1","0","0","1","0","0","Mammalia","Chiroptera","Vespertilionidae","Hypsugo",NA,6.3,78.66,456.5625,2,4.8,456.5625,NA
"90","Jynx torquilla","Carnivore","Other","22","TRUE","1","1","1","1","0","0","0","0","0","1","1","0","0","Aves","Piciformes","Picidae","Jynx",NA,35.86667,364.617,3652.5,8.5,16.5,3652.5,1290.499
"91","Lacerta agilis","Carnivore","Other","9","TRUE","1","0","1","1","0","0","0","0","0","0","1","0","0","Reptilia","Squamata","Lacertidae","Lacerta",NA,10.60448715,730.525,4930.875,7.7,7.91,3104.625,NA
"92","Lacerta bilineata","Carnivore","Other","5","TRUE","1","0","1","1","0","0","0","0","0","0","1","0","0","Reptilia","Squamata","Lacertidae","Lacerta",NA,23.725,593.5425,4200.375,11.0509598233154,10.439,3652.5,NA
"93","Lagopus muta","Herbivore","Other","1","FALSE","0","0","0","1","0","0","0","0","0","0","0","0","0","Aves","Galliformes","Phasianidae","Lagopus",NA,535.3,363.468,2221.937,7,35.5,2221.937,1521.266
"94","Lanius collurio","Carnivore","Other","13","TRUE","1","1","1","1","1","0","0","0","0","0","1","0","0","Aves","Passeriformes","Laniidae","Lanius",NA,28.45,364.617,3682.937,5.5,NA,2839.819,1459.45
"95","Lanius meridionalis","Carnivore","Other","5","TRUE","1","0","1","0","0","0","0","0","0","0","1","0","0","Aves","Passeriformes","Laniidae","Lanius",NA,61.94,342.117,5880.525,5.2,NA,2678.5,NA
"96","Lepus europaeus","Herbivore","Other","6","TRUE","0","0","1","1","0","0","0","0","0","0","1","0","0","Mammalia","Lagomorpha","Leporidae","Lepus",NA,3740,219.30564,4383,2.29,61,3889.9125,730
"97","Linaria cannabina","Herbivore","Other","10","TRUE","0","0","1","1","0","0","0","0","0","0","1","0","0","Aves","Passeriformes","Fringillidae","Linaria",NA,19.53,364.617,3439.559,4.9,NA,3436.394,1495.01
"98","Loxia curvirostra","Herbivore","Other","2","TRUE","1","0","0","0","0","0","0","0","0","0","1","0","0","Aves","Passeriformes","Fringillidae","Loxia",NA,39.5,364.617,5874.437,3.4,NA,2922,1237.686
"99","Lullula arborea","Carnivore","Other","13","TRUE","1","0","1","1","0","0","0","0","0","0","1","0","0","Aves","Passeriformes","Alaudidae","Lullula",NA,27.825,364.617,1826.25,3.735,NA,1807.987,1387.95
"100","Luscinia megarhynchos","Carnivore","Other","15","TRUE","1","0","1","0","0","0","0","0","0","0","1","0","0","Aves","Passeriformes","Muscicapidae","Luscinia",NA,19.93333,364.617,3987.313,4.78,NA,3981.225,1541.717
"101","Lutra lutra","Carnivore","Nocturnal","32","TRUE","1","0","1","1","1","0","0","0","1","1","1","0","0","Mammalia","Carnivora","Mustelidae","Lutra",NA,8297.2425,624.38,8035.5,2.0225,75.397,6647.55,2772.962083
"102","Malpolon monspessulanus","Carnivore","Other","10","TRUE","0","0","1","1","0","1","0","1","0","0","1","0","0","Reptilia","Squamata","Psammophiidae","Malpolon",NA,388.150365990648,1643.76,3981.225,8,NA,657.45,NA
"103","Marmota marmota","Herbivore","Other","3","TRUE","0","0","0","1","0","1","0","0","0","0","1","0","0","Mammalia","Rodentia","Sciuridae","Marmota",NA,3500,803.2675,6574.5,4.095,60,6352.3062512175,2506.4968
"104","Martes foina","Omnivore","Nocturnal","6","TRUE","1","0","1","0","0","1","0","0","0","0","1","0","0","Mammalia","Carnivora","Mustelidae","Martes",NA,1675,690.73,6618.6666667,3.78,49.9315,6607.9812512175,2178.563333
"105","Martes martes","Omnivore","Nocturnal","5","TRUE","1","0","1","0","0","0","0","0","0","0","1","0","0","Mammalia","Carnivora","Mustelidae","Martes",NA,1299.995,487.8525,6351,3.645,51.8505,6209.25,2100.94
"106","Meles meles","Omnivore","Other","10","TRUE","1","0","1","1","0","0","0","1","0","0","1","0","0","Mammalia","Carnivora","Mustelidae","Meles",NA,12442.015,402.52425,6205,3.11,80.2945,5917.05,2161.2481
"107","Merops apiaster","Carnivore","Other","14","TRUE","1","1","1","1","1","0","0","0","0","0","1","0","0","Aves","Coraciiformes","Meropidae","Merops",NA,58.8,364.617,2556.75,5.85,NA,2159.845,2374.125
"108","Microtus agrestis","Herbivore","Nocturnal","13","TRUE","1","0","1","1","1","0","0","0","0","0","1","0","0","Mammalia","Rodentia","Cricetidae","Microtus",NA,35.87,38.635,1478.25,4.535,NA,1205.325,465.9675
"109","Microtus arvalis","Herbivore","Other","5","TRUE","1","0","1","1","0","0","0","0","0","0","1","0","0","Mammalia","Rodentia","Cricetidae","Microtus",NA,26.9,37.595,1423.5,5.045,11.366,1095.75,447.605
"110","Microtus duodecimcostatus","Herbivore","Nocturnal","5","TRUE","0","0","1","0","0","0","0","0","0","0","1","0","0","Mammalia","Rodentia","Cricetidae","Microtus",NA,22.855,NA,1004.4375,2.515,NA,669.62499987825,373.6238021
"111","Milvus migrans","Carnivore","Other","80","TRUE","1","1","1","1","1","0","0","1","0","1","1","0","0","Aves","Accipitriformes","Accipitridae","Milvus",NA,734.1,1095,8766,2.5,56,8674.688,4212.391
"112","Milvus milvus","Carnivore","Other","10","TRUE","1","0","1","1","0","0","0","0","0","0","1","0","0","Aves","Accipitriformes","Accipitridae","Milvus",NA,1080,1048.418,13879.5,2,61,9496.5,4212.391
"113","Motacilla alba","Carnivore","Other","36","TRUE","0","0","0","1","1","0","0","1","0","1","1","0","0","Aves","Passeriformes","Motacillidae","Motacilla",NA,23.93,364.617,4991.75,5.25,NA,4474.312,1522.132
"114","Motacilla cinerea","Carnivore","Other","8","TRUE","0","0","0","1","1","0","0","0","0","0","1","0","0","Aves","Passeriformes","Motacillidae","Motacilla",NA,17.2,365,2922,4.98,NA,2922,1719.259
"115","Motacilla flava","Carnivore","Other","48","TRUE","0","0","1","1","1","0","0","0","0","0","1","0","0","Aves","Passeriformes","Motacillidae","Motacilla",NA,17.575,364.617,3226.619,5.2,NA,3220.288,1719.259
"116","Mus musculus","Omnivore","Nocturnal","19","TRUE","0","0","1","1","1","0","0","0","0","1","1","0","0","Mammalia","Rodentia","Muridae","Mus",NA,19.3,56.19375,2191.5,5.805,9.5,1826.25,628.295
"117","Mus spretus","Herbivore","Other","10","TRUE","1","1","1","1","0","0","0","0","0","0","1","0","0","Mammalia","Rodentia","Muridae","Mus",NA,16.67,42.93,2191.5,5.4775,9.5,1461,628.295
"118","Mustela erminea","Carnivore","Other","14","TRUE","1","0","1","1","1","1","0","0","0","0","1","0","0","Mammalia","Carnivora","Mustelidae","Mustela",NA,119.38,161.54004,3248.8041667,6.7475,27.0325,4069.4937512175,1078.777858
"119","Mustela nivalis","Carnivore","Nocturnal","2","TRUE","0","0","0","0","0","0","0","0","0","0","1","0","0","Mammalia","Carnivora","Mustelidae","Mustela",NA,77.85,132.4975,4564.375,5.08125,26,3488.1375,1787.301975
"120","Mustela putorius","Carnivore","Nocturnal","14","TRUE","1","0","1","1","1","0","0","0","0","1","1","0","0","Mammalia","Carnivora","Mustelidae","Mustela",NA,915.37,312.3125,5113.5,8.08,40.946,4054.275,1652.464383
"121","Mustela vison","Carnivore","Nocturnal","6","FALSE","1","0","1","0","1","0","0","0","0","0","0","0","0","Mammalia","Carnivora","Mustelidae","Mustela",NA,1100,334.36131,4162.425,4.76,43,3906.6531237825,1473.65
"122","Myodes glareolus","Omnivore","Nocturnal","6","FALSE","1","0","1","0","0","0","0","0","0","0","0","0","0","Mammalia","Rodentia","Cricetidae","Myodes",NA,20.765,50.205,1789.872,4.3025,10.919,1789.725,577.7512
"123","Natrix maura","Carnivore","Other","16","TRUE","1","0","1","0","1","0","0","0","1","1","1","0","0","Reptilia","Squamata","Colubridae","Natrix",NA,135.8,1643.58,5332.65,11.5,NA,NA,NA
"124","Natrix natrix","Carnivore","Other",NA,NA,NA,NA,NA,NA,NA,NA,NA,NA,NA,NA,NA,NA,NA,"Reptilia","Squamata","Colubridae","Natrix",NA,113.7295279,1369.4375,7305,9.2,NA,5478.75,NA
"125","Neomys fodiens","Herbivore","Nocturnal","10","FALSE","1","0","0","1","1","0","0","0","0","1","1","0","0","Mammalia","Soricomorpha","Soricidae","Neomys",NA,15.13,226.55725,1113.25,5.95,8.897,1109.446875,576.8888
"126","Numenius arquata",NA,"Other","16","TRUE","1","0","1","1","1","0","0","0","0","1","1","0","0","Aves","Charadriiformes","Scolopacidae","Numenius",NA,802.99,729.234,11627.12,4,NA,11505.38,3810.9
"127","Oenanthe oenanthe","Carnivore","Other","44","TRUE","0","1","1","1","1","1","0","1","0","1","1","0","0","Aves","Passeriformes","Muscicapidae","Oenanthe",NA,23.775,364.617,3682.937,5.5,NA,3506.4,1500.931
"128","Oriolus oriolus",NA,"Other","16","TRUE","1","1","1","0","0","0","0","0","0","0","1","0","0","Aves","Passeriformes","Oriolidae","Oriolus",NA,77.85,365,5417.875,3.5,NA,5405.7,1333.162
"129","Oryctolagus cuniculus","Herbivore","Nocturnal","10","FALSE","1","1","1","1","0","0","0","0","0","0","1","0","0","Mammalia","Lagomorpha","Leporidae","Oryctolagus",NA,1832.22,185.61,6574.5,5.24,45,3652.5,1515.3536
"130","Otus scops","Carnivore","Nocturnal","30","TRUE","1","0","1","0","0","0","0","0","0","0","1","0","0","Aves","Strigiformes","Strigidae","Otus",NA,94.75,364.617,2495.875,3.75,17.5,2474.569,1349.599
"131","Parus major",NA,"Other","28","TRUE","1","0","1","1","0","0","0","1","0","0","1","0","0","Aves","Passeriformes","Paridae","Parus",NA,18,365,5631.059,8.6,NA,5551.8,1565.22
"132","Passer domesticus","Herbivore","Other","36","TRUE","1","0","1","1","1","1","0","0","0","0","1","0","0","Aves","Passeriformes","Passeridae","Passer",NA,27.7,273.8125,8400.75,4.35,NA,6468.578,2178.666
"133","Passer montanus","Herbivore","Other","6","TRUE","1","0","1","0","0","0","0","0","0","0","1","0","0","Aves","Passeriformes","Passeridae","Passer",NA,22.05,330.117,4784.775,5,NA,4230.752,2094.922
"134","Pelobates cultripes","Carnivore","Nocturnal","7","TRUE","1","0","1","0","1","0","0","1","0","0","1","0","0","Amphibia","Anura","Pelobatidae","Pelobates",92.5,40,730.5,5478.75,2500,NA,NA,NA
"135","Perdix perdix",NA,"Other","3","TRUE","0","0","1","1","0","0","0","0","0","0","1","0","0","Aves","Galliformes","Phasianidae","Perdix",NA,405.4,364.617,2526.313,16,30,1888.342,1437.821
"136","Periparus ater",NA,"Other",NA,NA,NA,NA,NA,NA,NA,NA,NA,NA,NA,NA,NA,NA,NA,"Aves","Passeriformes","Paridae","Periparus",NA,9.65,364.617,3469.875,5.7,NA,3439.438,1526.153
"137","Pernis apivorus","Carnivore","Other","4","FALSE","1","1","0","0","0","0","0","0","0","0","0","0","0","Aves","Accipitriformes","Accipitridae","Pernis",NA,758,1002.984,10592.25,2,55,10592.25,4311.465
"138","Phasianus colchicus",NA,"Other","6","TRUE","1","0","1","0","0","0","0","0","0","0","1","0","0","Aves","Galliformes","Phasianidae","Phasianus",NA,1120.31,240,9861.75,11,57.5,9861.75,1807.987
"139","Phoenicurus ochruros","Carnivore","Other","11","TRUE","0","0","1","1","0","1","0","0","0","1","1","0","0","Aves","Passeriformes","Muscicapidae","Phoenicurus",NA,16.25,364.617,3725.55,4.9,NA,3393.781,1500.795
"140","Phoenicurus phoenicurus","Carnivore","Other","22","TRUE","1","0","1","1","0","0","0","0","0","0","1","0","0","Aves","Passeriformes","Muscicapidae","Phoenicurus",NA,14.6,364.617,3743.812,6.18,NA,3725.55,1500.795
"141","Pica pica",NA,"Other","48","TRUE","1","0","1","1","0","1","0","0","0","0","1","0","0","Aves","Passeriformes","Corvidae","Pica",NA,213.375,683.8005,7925.925,6,46.5,3832.081,2588.926
"142","Picus viridis","Carnivore","Other","18","TRUE","1","0","1","0","0","0","0","0","0","0","1","0","0","Aves","Piciformes","Picidae","Picus",NA,184.6667,364.617,5551.8,6.1,32,5509.187,2062.749
"143","Pipistrellus kuhlii","Carnivore","Nocturnal","9","TRUE","1","0","1","1","0","0","0","0","0","0","1","0","0","Mammalia","Chiroptera","Vespertilionidae","Pipistrellus",NA,5.966875,NA,2921,1.355,4.6495,2922,1885.946275
"144","Podarcis muralis","Omnivore","Other","10","TRUE","1","0","1","1","0","1","0","0","0","0","1","0","0","Reptilia","Squamata","Lacertidae","Podarcis",NA,8.438896316,730.5,3670.7625,5.4,6.162,2736.33125012175,NA
"145","Prunella modularis","Omnivore","Other","18","TRUE","1","0","1","0","0","0","0","0","0","0","1","0","0","Aves","Passeriformes","Prunellidae","Prunella",NA,20.24,364.617,7609.375,4.9,NA,3780.338,1676.501
"146","Psammodromus algirus","Omnivore","Other","6","FALSE","1","0","1","0","0","0","0","0","0","0","1","0","0","Reptilia","Squamata","Lacertidae","Psammodromus",NA,10.77281803,395.72,1424.475,5.37528469086569,7.076,NA,NA
"147","Ptyonoprogne rupestris","Carnivore","Other","12","TRUE","0","0","1","1","1","1","0","0","0","0","1","0","0","Aves","Passeriformes","Hirundinidae","Ptyonoprogne",NA,20.475,NA,NA,4,NA,NA,1478.718
"148","Pyrrhocorax graculus","Carnivore","Other","4","TRUE","0","0","0","1","0","1","0","0","0","0","1","0","0","Aves","Passeriformes","Corvidae","Pyrrhocorax",NA,211.5,1095,8912.1,4.1,38,8522.5,3754.068
"149","Pyrrhocorax pyrrhocorax","Carnivore","Other","7","TRUE","0","0","1","1","0","1","0","0","0","1","1","0","0","Aves","Passeriformes","Corvidae","Pyrrhocorax",NA,276.68,912.5,8912.1,4,38,7414.575,4028.005
"150","Pyrrhula pyrrhula","Herbivore","Other","24","TRUE","1","0","1","0","0","0","0","0","0","0","1","0","0","Aves","Passeriformes","Fringillidae","Pyrrhula",NA,25.7,364.617,6391.875,4.5,NA,6391.875,1751.111
"151","Rallus aquaticus",NA,"Other","32","TRUE","0","0","0","1","1","0","0","0","0","0","1","0","0","Aves","Gruiformes","Rallidae","Rallus",NA,111.5,364.617,3256.813,8.5,NA,3205.069,1673.758
"152","Rana temporaria","Carnivore","Other","31","TRUE","1","0","1","1","1","0","0","0","0","0","1","1","0","Amphibia","Anura","Ranidae","Rana",92.5,47.6,730.5,9861.75,2358.75,NA,NA,NA
"153","Rattus norvegicus","Carnivore","Nocturnal","5","TRUE","0","0","0","0","0","0","0","0","0","0","1","0","0","Mammalia","Rodentia","Muridae","Rattus",NA,282.89,64.81099,1825.625,8.9225,30,1826.25,594.0375
"154","Regulus regulus","Carnivore","Other","12","TRUE","1","0","0","0","0","0","0","0","0","0","1","0","0","Aves","Passeriformes","Regulidae","Regulus",NA,5.55,364.617,2556.75,8.5,NA,2556.75,994.7677
"155","Rupicapra pyrenaica","Herbivore","Other","4","FALSE","1","0","1","1","0","1","0","0","0","0","0","0","0","Mammalia","Artiodactyla","Bovidae","Rupicapra",NA,30000,671.5,7373.925,1,130,6428.4,2437.9015
"156","Salamandra salamandra","Carnivore","Other","11","FALSE","1","0","0","0","1","0","0","0","0","0","1","0","0","Amphibia","Caudata","Salamandridae","Salamandra",235,35.8,1095.75,8766,31,NA,NA,NA
"157","Salmo trutta",NA,NA,NA,NA,NA,NA,NA,NA,NA,NA,NA,NA,NA,NA,NA,NA,NA,"Actinopterygii","Salmoniformes","Salmonidae","Salmo",NA,NA,NA,NA,NA,NA,NA,NA
"158","Saxicola rubetra","Carnivore","Other","13","TRUE","1","0","1","1","0","0","0","0","0","0","1","0","0","Aves","Passeriformes","Muscicapidae","Saxicola",NA,17.8625,365,2526.313,5.5,NA,2212.806,1203.127
"159","Saxicola torquatus","Carnivore","Other","33","TRUE","1","0","1","1","1","0","0","0","0","0","1","0","0","Aves","Passeriformes","Muscicapidae","Saxicola",NA,14.09,365,3226.375,5.16,NA,3220.288,1203.127
"160","Sciurus vulgaris","Herbivore","Other","3","TRUE","1","0","0","0","0","0","0","0","0","0","1","0","0","Mammalia","Rodentia","Sciuridae","Sciurus",NA,330.9375,331.575,4891,4.465,21.317,4383,1612.7525
"161","Scolopax rusticola","Carnivore","Other","7","TRUE","1","0","1","0","0","0","0","0","0","0","1","0","0","Aves","Charadriiformes","Scolopacidae","Scolopax",NA,308.905,410.0505,7578.938,4,NA,5661.375,2298.336
"162","Serinus serinus","Herbivore","Other","14","TRUE","1","0","1","0","0","0","0","0","0","0","1","0","0","Aves","Passeriformes","Fringillidae","Serinus",NA,11.65,NA,4870,3.6,NA,3165.5,1395.966
"163","Sitta europaea","Carnivore","Other","4","FALSE","1","0","0","0","0","0","0","0","0","0","0","0","0","Aves","Passeriformes","Sittidae","Sitta",NA,20.37,364.617,4717.934,7.4,NA,4699.55,1469.156
"164","Sorex araneus","Omnivore","Nocturnal","7","FALSE","1","0","1","0","1","0","0","0","0","1","1","0","0","Mammalia","Soricomorpha","Soricidae","Sorex",NA,8.6875,321.69239,949,6.56,7.506,730.5,524.7815
"165","Sorex coronatus","Carnivore","Nocturnal","3","FALSE","1","0","1","0","1","0","0","0","0","0","0","0","0","Mammalia","Soricomorpha","Soricidae","Sorex",NA,9.32,302.818695,410.94,5.485,7.4025,608.75000012175,347.068
"166","Sorex minutus",NA,NA,NA,NA,NA,NA,NA,NA,NA,NA,NA,NA,NA,NA,NA,NA,NA,"Mammalia","Soricomorpha","Soricidae","Sorex",NA,NA,NA,NA,NA,NA,NA,NA
"167","Spinus spinus",NA,"Other","10","TRUE","1","0","1","0","0","0","0","0","0","0","1","0","0","Aves","Passeriformes","Fringillidae","Spinus",NA,13.25,364.617,4930.875,4,NA,4930.875,1492.535
"168","Streptopelia decaocto",NA,"Other","36","TRUE","0","0","1","0","0","0","0","0","0","0","1","0","0","Aves","Columbiformes","Columbidae","Streptopelia",NA,149,364.617,6537.975,2,NA,6452.75,1926.815
"169","Streptopelia turtur","Herbivore","Other","14","TRUE","1","0","1","0","0","0","0","0","0","0","1","0","0","Aves","Columbiformes","Columbidae","Streptopelia",NA,132,364.617,4821.3,2,NA,4810.342,1926.815
"170","Strix aluco","Carnivore","Nocturnal","22","TRUE","1","0","1","0","0","0","0","0","0","0","1","0","0","Aves","Strigiformes","Strigidae","Strix",NA,475,364.617,8187.688,3.1,41,7852.875,2903.738
"171","Sturnus unicolor",NA,"Other","5","TRUE","0","0","1","1","0","0","0","0","0","0","1","0","0","Aves","Passeriformes","Sturnidae","Sturnus",NA,85,NA,3104.625,3.6,NA,3104.625,1531.308
"172","Sturnus vulgaris",NA,"Other","18","TRUE","1","0","1","1","0","0","0","0","0","1","1","0","0","Aves","Passeriformes","Sturnidae","Sturnus",NA,77.675,410.0505,8370.313,5,NA,7557.631,1668.276
"173","Suncus etruscus","Carnivore","Nocturnal","16","TRUE","1","0","1","1","0","0","0","0","0","0","1","0","0","Mammalia","Soricomorpha","Soricidae","Suncus",NA,2.365,228.27,1076.75,3.9775,5.2,986.175,590.755
"174","Sus scrofa","Omnivore","Nocturnal","28","TRUE","1","1","1","1","1","0","0","1","0","0","1","0","0","Mammalia","Artiodactyla","Suidae","Sus",NA,96118.09,450.88,8395,5.04375,157.4995,7670.25,2656.07
"175","Sylvia atricapilla","Carnivore","Other","18","TRUE","1","1","1","0","0","0","0","0","0","0","1","0","0","Aves","Passeriformes","Sylviidae","Sylvia",NA,18.325,364.617,5052.625,4.5,NA,3579.45,1446.859
"176","Sylvia communis","Carnivore","Other","9","TRUE","0","1","1","1","0","0","0","0","0","0","1","0","0","Aves","Passeriformes","Sylviidae","Sylvia",NA,15.5,364.617,3256.813,4.5,NA,2739.984,1447.906
"177","Talpa europaea",NA,NA,NA,NA,NA,NA,NA,NA,NA,NA,NA,NA,NA,NA,NA,NA,NA,"Mammalia","Soricomorpha","Talpidae","Talpa",NA,NA,NA,NA,NA,NA,NA,NA
"178","Tarentola mauritanica","Carnivore","Other","8","TRUE","0","0","1","0","0","1","0","0","0","0","1","0","0","Reptilia","Squamata","Phyllodactylidae","Tarentola",NA,6.54,1095.84,4200.375,1.99993093481637,7,3835.125,NA
"179","Tetrao urogallus","Herbivore","Other","2","FALSE","1","0","0","0","0","0","0","0","0","0","0","0","0","Aves","Galliformes","Phasianidae","Tetrao",NA,2942.5,1002.984,6574.5,8,61.5,6574.5,2335.774
"180","Timon lepidus","Omnivore","Other","8","TRUE","1","0","1","1","0","0","0","0","0","0","1","0","0","Reptilia","Squamata","Lacertidae","Timon",NA,99.625,806.66,10227,13.5996756079312,15.8735,3848.821875,NA
"181","Tringa nebularia","Carnivore","Other","23","TRUE","1","0","0","1","1","0","0","0","1","1","1","0","0","Aves","Charadriiformes","Scolopacidae","Tringa",NA,187,455.484,8918.309,4,NA,8915.144,2306.684
"182","Tringa totanus","Carnivore","Other","14","TRUE","0","0","0","0","1","0","0","0","1","1","1","0","0","Aves","Charadriiformes","Scolopacidae","Tringa",NA,126.75,364.617,9831.313,4,NA,8627.205,2271.898
"183","Triturus marmoratus","Carnivore","Other","13","TRUE","1","0","1","1","1","0","0","0","0","0","1","0","0","Amphibia","Caudata","Salamandridae","Triturus",175,9.8,730.5,9131.25,300,NA,NA,NA
"184","Troglodytes troglodytes","Carnivore","Other","26","TRUE","1","0","1","0","0","0","0","0","0","0","1","0","0","Aves","Passeriformes","Troglodytidae","Troglodytes",NA,9.25,364.617,2556.75,5.555,NA,2130.625,1270.991
"185","Turdus iliacus",NA,"Other","13","TRUE","1","0","1","1","0","1","0","0","0","0","1","0","0","Aves","Passeriformes","Turdidae","Turdus",NA,61.875,364.617,6878.875,5.19,22.5,6857.569,1912.885
"186","Turdus merula","Carnivore","Other","36","TRUE","1","0","1","1","0","0","0","0","0","0","1","0","0","Aves","Passeriformes","Turdidae","Turdus",NA,102.73,364.617,7974.625,4,26.5,7694.6,1957.74
"187","Turdus philomelos",NA,"Other","18","TRUE","1","0","1","0","0","0","0","0","0","0","1","0","0","Aves","Passeriformes","Turdidae","Turdus",NA,67.75,364.617,6464.925,4,21.75,6407.155,1930.684
"188","Turdus pilaris","Carnivore","Other","10","TRUE","1","0","1","1","0","0","0","0","0","0","1","0","0","Aves","Passeriformes","Turdidae","Turdus",NA,106,364.617,6611.025,5.315,25.75,6589.719,1891.875
"189","Turdus torquatus",NA,"Other","6","FALSE","1","0","1","1","0","1","0","0","0","0","0","0","0","Aves","Passeriformes","Turdidae","Turdus",NA,111.25,365,3323.775,4.5,23.5,3317.627,2219.592
"190","Turdus viscivorus",NA,"Other","20","TRUE","1","0","1","0","0","0","0","0","0","0","1","0","0","Aves","Passeriformes","Turdidae","Turdus",NA,117.435,364.617,7761.562,3.95,27.5,6125.243,2222.231
"191","Tyto alba","Carnivore","Nocturnal","50","TRUE","0","1","1","1","1","0","1","0","0","0","1","0","0","Aves","Strigiformes","Tytonidae","Tyto",NA,390.459,365,12418.5,5.15,NA,5630.938,2275.508
"192","Upupa epops","Carnivore","Other","26","TRUE","0","1","0","1","0","0","0","0","0","0","1","0","0","Aves","Bucerotiformes","Upupidae","Upupa",NA,66.93,364.617,4054.275,5.7,NA,4054.275,2191.5
"193","Ursus arctos","Omnivore","Other","18","FALSE","1","0","1","1","1","0","0","1","0","0","1","0","0","Mammalia","Carnivora","Ursidae","Ursus",NA,196287.5,1322.34375,18262.5,2.255,228.5,15888.375,5976.266667
"194","Vanellus vanellus","Carnivore","Other","6","TRUE","0","0","1","1","0","0","0","0","0","1","1","0","0","Aves","Charadriiformes","Charadriidae","Vanellus",NA,218.37,729.234,8948.625,4,NA,8619.9,3271.727
"195","Vipera aspis","Carnivore","Other","8","TRUE","1","0","1","0","0","1","0","0","0","0","1","0","0","Reptilia","Squamata","Viperidae","Vipera",NA,166.0634204,1643.2,9131.25,9.25,NA,5990.1,NA
"196","Vulpes vulpes","Omnivore","Nocturnal","12","TRUE","1","0","1","1","1","0","0","1","0","0","1","0","0","Mammalia","Carnivora","Canidae","Vulpes",NA,4820.36,312.535,6241.5,4.66125,63,5478.75,2105.3972
"197","Zamenis scalaris","Carnivore","Other","7","TRUE","1","0","1","0","0","0","0","0","0","0","1","0","0","Reptilia","Squamata","Colubridae","Zamenis",NA,386.366977054069,NA,7122.375,8.75,NA,NA,NA
"198","Zootoca vivipara","Carnivore","Other","7","TRUE","1","0","1","1","1","0","0","0","0","0","1","0","0","Reptilia","Squamata","Lacertidae","Zootoca",NA,7.4515,715.34,1826.25,7.05008833426992,5.879,1823.20625012175,NA
