"","species","role","predicted","targetFW","sourceFW"
"1","Anthus rubescens","indegree",0.1,"Arctic","Arctic"
"2","Anthus rubescens","outdegree",7.15,"Arctic","Arctic"
"3","Anthus rubescens","betweeness",0.367539682539682,"Arctic","Arctic"
"4","Anthus rubescens","closeness",0.82420917244763,"Arctic","Arctic"
"5","Anthus rubescens","eigen",0.358064919687746,"Arctic","Arctic"
"6","Anthus rubescens","TL",1.19762295550735,"Arctic","Arctic"
"7","Anthus rubescens","OI",0.0265024180232179,"Arctic","Arctic"
"8","Anthus rubescens","within_module_degree",-0.799087498875149,"Arctic","Arctic"
"9","Anthus rubescens","among_module_conn",0.551142723293021,"Arctic","Arctic"
"10","Anthus rubescens","position1",0,"Arctic","Arctic"
"11","Anthus rubescens","position2",0.08,"Arctic","Arctic"
"12","Anthus rubescens","position3",0.57,"Arctic","Arctic"
"13","Anthus rubescens","position4",0.01,"Arctic","Arctic"
"14","Anthus rubescens","position5",11,"Arctic","Arctic"
"15","Anthus rubescens","position6",0.45,"Arctic","Arctic"
"16","Anthus rubescens","position7",0.01,"Arctic","Arctic"
"17","Anthus rubescens","position8",0.21,"Arctic","Arctic"
"18","Anthus rubescens","position9",2.94,"Arctic","Arctic"
"19","Anthus rubescens","position10",75.63,"Arctic","Arctic"
"20","Anthus rubescens","position11",0,"Arctic","Arctic"
"21","Anthus rubescens","position12",0.02,"Arctic","Arctic"
"22","Anthus rubescens","position13",8.28,"Arctic","Arctic"
"23","Anthus rubescens","position14",0,"Arctic","Arctic"
"24","Anthus rubescens","position15",0,"Arctic","Arctic"
"25","Anthus rubescens","position16",0.2,"Arctic","Arctic"
"26","Anthus rubescens","position17",2.36,"Arctic","Arctic"
"27","Anthus rubescens","position18",0,"Arctic","Arctic"
"28","Anthus rubescens","position19",0,"Arctic","Arctic"
"29","Anthus rubescens","position20",0.03,"Arctic","Arctic"
"30","Anthus rubescens","position21",0,"Arctic","Arctic"
"31","Anthus rubescens","position22",0,"Arctic","Arctic"
"32","Anthus rubescens","position23",0.03,"Arctic","Arctic"
"33","Anthus rubescens","position24",0.04,"Arctic","Arctic"
"34","Anthus rubescens","position25",0,"Arctic","Arctic"
"35","Anthus rubescens","position26",0,"Arctic","Arctic"
"36","Anthus rubescens","position27",0,"Arctic","Arctic"
"37","Anthus rubescens","position28",0.08,"Arctic","Arctic"
"38","Anthus rubescens","position29",0.04,"Arctic","Arctic"
"39","Anthus rubescens","position30",0,"Arctic","Arctic"
"40","Bubo scandiacus","indegree",20.81,"Arctic","Arctic"
"41","Bubo scandiacus","outdegree",5.12,"Arctic","Arctic"
"42","Bubo scandiacus","betweeness",9.11844444444444,"Arctic","Arctic"
"43","Bubo scandiacus","closeness",0.665796073090674,"Arctic","Arctic"
"44","Bubo scandiacus","eigen",0.952388688061854,"Arctic","Arctic"
"45","Bubo scandiacus","TL",2.82860975423033,"Arctic","Arctic"
"46","Bubo scandiacus","OI",0.896914332572881,"Arctic","Arctic"
"47","Bubo scandiacus","within_module_degree",1.51267484453036,"Arctic","Arctic"
"48","Bubo scandiacus","among_module_conn",0.58904319246038,"Arctic","Arctic"
"49","Bubo scandiacus","position1",0.06,"Arctic","Arctic"
"50","Bubo scandiacus","position2",0,"Arctic","Arctic"
"51","Bubo scandiacus","position3",0,"Arctic","Arctic"
"52","Bubo scandiacus","position4",33.88,"Arctic","Arctic"
"53","Bubo scandiacus","position5",0,"Arctic","Arctic"
"54","Bubo scandiacus","position6",1.07,"Arctic","Arctic"
"55","Bubo scandiacus","position7",0.01,"Arctic","Arctic"
"56","Bubo scandiacus","position8",0.56,"Arctic","Arctic"
"57","Bubo scandiacus","position9",0,"Arctic","Arctic"
"58","Bubo scandiacus","position10",0.07,"Arctic","Arctic"
"59","Bubo scandiacus","position11",83.03,"Arctic","Arctic"
"60","Bubo scandiacus","position12",49.32,"Arctic","Arctic"
"61","Bubo scandiacus","position13",0,"Arctic","Arctic"
"62","Bubo scandiacus","position14",0.04,"Arctic","Arctic"
"63","Bubo scandiacus","position15",0.45,"Arctic","Arctic"
"64","Bubo scandiacus","position16",0.08,"Arctic","Arctic"
"65","Bubo scandiacus","position17",0.01,"Arctic","Arctic"
"66","Bubo scandiacus","position18",8.47,"Arctic","Arctic"
"67","Bubo scandiacus","position19",0.03,"Arctic","Arctic"
"68","Bubo scandiacus","position20",0.02,"Arctic","Arctic"
"69","Bubo scandiacus","position21",0,"Arctic","Arctic"
"70","Bubo scandiacus","position22",1.54,"Arctic","Arctic"
"71","Bubo scandiacus","position23",0.09,"Arctic","Arctic"
"72","Bubo scandiacus","position24",0.02,"Arctic","Arctic"
"73","Bubo scandiacus","position25",2.83,"Arctic","Arctic"
"74","Bubo scandiacus","position26",3.24,"Arctic","Arctic"
"75","Bubo scandiacus","position27",3.18,"Arctic","Arctic"
"76","Bubo scandiacus","position28",0.18,"Arctic","Arctic"
"77","Bubo scandiacus","position29",0.05,"Arctic","Arctic"
"78","Bubo scandiacus","position30",1.06,"Arctic","Arctic"
"79","Buteo lagopus","indegree",7.33,"Arctic","Arctic"
"80","Buteo lagopus","outdegree",4.76,"Arctic","Arctic"
"81","Buteo lagopus","betweeness",0.631892857142857,"Arctic","Arctic"
"82","Buteo lagopus","closeness",0.686585829688471,"Arctic","Arctic"
"83","Buteo lagopus","eigen",0.464497123433737,"Arctic","Arctic"
"84","Buteo lagopus","TL",2.49130658449212,"Arctic","Arctic"
"85","Buteo lagopus","OI",0.527353044810448,"Arctic","Arctic"
"86","Buteo lagopus","within_module_degree",0.166633909264409,"Arctic","Arctic"
"87","Buteo lagopus","among_module_conn",0.575177696895363,"Arctic","Arctic"
"88","Buteo lagopus","position1",1.22,"Arctic","Arctic"
"89","Buteo lagopus","position2",0.53,"Arctic","Arctic"
"90","Buteo lagopus","position3",0.23,"Arctic","Arctic"
"91","Buteo lagopus","position4",3.19,"Arctic","Arctic"
"92","Buteo lagopus","position5",2.25,"Arctic","Arctic"
"93","Buteo lagopus","position6",27.23,"Arctic","Arctic"
"94","Buteo lagopus","position7",0.06,"Arctic","Arctic"
"95","Buteo lagopus","position8",15.02,"Arctic","Arctic"
"96","Buteo lagopus","position9",0.28,"Arctic","Arctic"
"97","Buteo lagopus","position10",31.17,"Arctic","Arctic"
"98","Buteo lagopus","position11",20.84,"Arctic","Arctic"
"99","Buteo lagopus","position12",2.28,"Arctic","Arctic"
"100","Buteo lagopus","position13",4.93,"Arctic","Arctic"
"101","Buteo lagopus","position14",0.25,"Arctic","Arctic"
"102","Buteo lagopus","position15",0.08,"Arctic","Arctic"
"103","Buteo lagopus","position16",1.65,"Arctic","Arctic"
"104","Buteo lagopus","position17",3.21,"Arctic","Arctic"
"105","Buteo lagopus","position18",0.43,"Arctic","Arctic"
"106","Buteo lagopus","position19",0.08,"Arctic","Arctic"
"107","Buteo lagopus","position20",0.17,"Arctic","Arctic"
"108","Buteo lagopus","position21",0.06,"Arctic","Arctic"
"109","Buteo lagopus","position22",0.05,"Arctic","Arctic"
"110","Buteo lagopus","position23",0.94,"Arctic","Arctic"
"111","Buteo lagopus","position24",0.19,"Arctic","Arctic"
"112","Buteo lagopus","position25",0.1,"Arctic","Arctic"
"113","Buteo lagopus","position26",0.12,"Arctic","Arctic"
"114","Buteo lagopus","position27",0.11,"Arctic","Arctic"
"115","Buteo lagopus","position28",0.64,"Arctic","Arctic"
"116","Buteo lagopus","position29",0.16,"Arctic","Arctic"
"117","Buteo lagopus","position30",0,"Arctic","Arctic"
"118","Calcarius lapponicus","indegree",0.13,"Arctic","Arctic"
"119","Calcarius lapponicus","outdegree",8.99,"Arctic","Arctic"
"120","Calcarius lapponicus","betweeness",0.524063492063492,"Arctic","Arctic"
"121","Calcarius lapponicus","closeness",0.903503808512945,"Arctic","Arctic"
"122","Calcarius lapponicus","eigen",0.41237616413576,"Arctic","Arctic"
"123","Calcarius lapponicus","TL",1.24583922389862,"Arctic","Arctic"
"124","Calcarius lapponicus","OI",0.0234337123609927,"Arctic","Arctic"
"125","Calcarius lapponicus","within_module_degree",-0.68733538738321,"Arctic","Arctic"
"126","Calcarius lapponicus","among_module_conn",0.588613058538383,"Arctic","Arctic"
"127","Calcarius lapponicus","position1",0,"Arctic","Arctic"
"128","Calcarius lapponicus","position2",0.14,"Arctic","Arctic"
"129","Calcarius lapponicus","position3",0.12,"Arctic","Arctic"
"130","Calcarius lapponicus","position4",0.01,"Arctic","Arctic"
"131","Calcarius lapponicus","position5",19.44,"Arctic","Arctic"
"132","Calcarius lapponicus","position6",0.45,"Arctic","Arctic"
"133","Calcarius lapponicus","position7",0,"Arctic","Arctic"
"134","Calcarius lapponicus","position8",0.16,"Arctic","Arctic"
"135","Calcarius lapponicus","position9",7.48,"Arctic","Arctic"
"136","Calcarius lapponicus","position10",73.84,"Arctic","Arctic"
"137","Calcarius lapponicus","position11",0,"Arctic","Arctic"
"138","Calcarius lapponicus","position12",0.03,"Arctic","Arctic"
"139","Calcarius lapponicus","position13",9.2,"Arctic","Arctic"
"140","Calcarius lapponicus","position14",0.14,"Arctic","Arctic"
"141","Calcarius lapponicus","position15",0,"Arctic","Arctic"
"142","Calcarius lapponicus","position16",0.39,"Arctic","Arctic"
"143","Calcarius lapponicus","position17",1.33,"Arctic","Arctic"
"144","Calcarius lapponicus","position18",0,"Arctic","Arctic"
"145","Calcarius lapponicus","position19",0.03,"Arctic","Arctic"
"146","Calcarius lapponicus","position20",0,"Arctic","Arctic"
"147","Calcarius lapponicus","position21",0.04,"Arctic","Arctic"
"148","Calcarius lapponicus","position22",0,"Arctic","Arctic"
"149","Calcarius lapponicus","position23",0,"Arctic","Arctic"
"150","Calcarius lapponicus","position24",0.15,"Arctic","Arctic"
"151","Calcarius lapponicus","position25",0.01,"Arctic","Arctic"
"152","Calcarius lapponicus","position26",0,"Arctic","Arctic"
"153","Calcarius lapponicus","position27",0,"Arctic","Arctic"
"154","Calcarius lapponicus","position28",0.16,"Arctic","Arctic"
"155","Calcarius lapponicus","position29",0.1,"Arctic","Arctic"
"156","Calcarius lapponicus","position30",0,"Arctic","Arctic"
"157","Calidris bairdii","indegree",0.1,"Arctic","Arctic"
"158","Calidris bairdii","outdegree",6.2,"Arctic","Arctic"
"159","Calidris bairdii","betweeness",0.0452460317460317,"Arctic","Arctic"
"160","Calidris bairdii","closeness",0.767252993276274,"Arctic","Arctic"
"161","Calidris bairdii","eigen",0.327063052629905,"Arctic","Arctic"
"162","Calidris bairdii","TL",1.26752830768835,"Arctic","Arctic"
"163","Calidris bairdii","OI",0.00137369950456478,"Arctic","Arctic"
"164","Calidris bairdii","within_module_degree",-0.78939476749825,"Arctic","Arctic"
"165","Calidris bairdii","among_module_conn",0.495962931468884,"Arctic","Arctic"
"166","Calidris bairdii","position1",0,"Arctic","Arctic"
"167","Calidris bairdii","position2",0,"Arctic","Arctic"
"168","Calidris bairdii","position3",0.43,"Arctic","Arctic"
"169","Calidris bairdii","position4",0,"Arctic","Arctic"
"170","Calidris bairdii","position5",7.44,"Arctic","Arctic"
"171","Calidris bairdii","position6",0.19,"Arctic","Arctic"
"172","Calidris bairdii","position7",0,"Arctic","Arctic"
"173","Calidris bairdii","position8",0.18,"Arctic","Arctic"
"174","Calidris bairdii","position9",1.56,"Arctic","Arctic"
"175","Calidris bairdii","position10",73.4,"Arctic","Arctic"
"176","Calidris bairdii","position11",0,"Arctic","Arctic"
"177","Calidris bairdii","position12",0,"Arctic","Arctic"
"178","Calidris bairdii","position13",7.09,"Arctic","Arctic"
"179","Calidris bairdii","position14",0.06,"Arctic","Arctic"
"180","Calidris bairdii","position15",0,"Arctic","Arctic"
"181","Calidris bairdii","position16",0.48,"Arctic","Arctic"
"182","Calidris bairdii","position17",2.94,"Arctic","Arctic"
"183","Calidris bairdii","position18",0,"Arctic","Arctic"
"184","Calidris bairdii","position19",0.01,"Arctic","Arctic"
"185","Calidris bairdii","position20",0.01,"Arctic","Arctic"
"186","Calidris bairdii","position21",0.04,"Arctic","Arctic"
"187","Calidris bairdii","position22",0,"Arctic","Arctic"
"188","Calidris bairdii","position23",0.01,"Arctic","Arctic"
"189","Calidris bairdii","position24",0.08,"Arctic","Arctic"
"190","Calidris bairdii","position25",0.03,"Arctic","Arctic"
"191","Calidris bairdii","position26",0,"Arctic","Arctic"
"192","Calidris bairdii","position27",0,"Arctic","Arctic"
"193","Calidris bairdii","position28",0.23,"Arctic","Arctic"
"194","Calidris bairdii","position29",0.32,"Arctic","Arctic"
"195","Calidris bairdii","position30",0,"Arctic","Arctic"
"196","Calidris fuscicollis","indegree",0.12,"Arctic","Arctic"
"197","Calidris fuscicollis","outdegree",6.05,"Arctic","Arctic"
"198","Calidris fuscicollis","betweeness",0.0909960317460318,"Arctic","Arctic"
"199","Calidris fuscicollis","closeness",0.75149969640204,"Arctic","Arctic"
"200","Calidris fuscicollis","eigen",0.32185902646028,"Arctic","Arctic"
"201","Calidris fuscicollis","TL",1.29612045611673,"Arctic","Arctic"
"202","Calidris fuscicollis","OI",0.0169284538202542,"Arctic","Arctic"
"203","Calidris fuscicollis","within_module_degree",-0.793655697613497,"Arctic","Arctic"
"204","Calidris fuscicollis","among_module_conn",0.498592584719073,"Arctic","Arctic"
"205","Calidris fuscicollis","position1",0.04,"Arctic","Arctic"
"206","Calidris fuscicollis","position2",0.03,"Arctic","Arctic"
"207","Calidris fuscicollis","position3",1.12,"Arctic","Arctic"
"208","Calidris fuscicollis","position4",0,"Arctic","Arctic"
"209","Calidris fuscicollis","position5",7.1,"Arctic","Arctic"
"210","Calidris fuscicollis","position6",0.3,"Arctic","Arctic"
"211","Calidris fuscicollis","position7",0.01,"Arctic","Arctic"
"212","Calidris fuscicollis","position8",0.3,"Arctic","Arctic"
"213","Calidris fuscicollis","position9",1.4,"Arctic","Arctic"
"214","Calidris fuscicollis","position10",71.41,"Arctic","Arctic"
"215","Calidris fuscicollis","position11",0,"Arctic","Arctic"
"216","Calidris fuscicollis","position12",0.01,"Arctic","Arctic"
"217","Calidris fuscicollis","position13",6.76,"Arctic","Arctic"
"218","Calidris fuscicollis","position14",0.01,"Arctic","Arctic"
"219","Calidris fuscicollis","position15",0,"Arctic","Arctic"
"220","Calidris fuscicollis","position16",0.42,"Arctic","Arctic"
"221","Calidris fuscicollis","position17",3.26,"Arctic","Arctic"
"222","Calidris fuscicollis","position18",0,"Arctic","Arctic"
"223","Calidris fuscicollis","position19",0,"Arctic","Arctic"
"224","Calidris fuscicollis","position20",0.02,"Arctic","Arctic"
"225","Calidris fuscicollis","position21",0.02,"Arctic","Arctic"
"226","Calidris fuscicollis","position22",0,"Arctic","Arctic"
"227","Calidris fuscicollis","position23",0.02,"Arctic","Arctic"
"228","Calidris fuscicollis","position24",0.08,"Arctic","Arctic"
"229","Calidris fuscicollis","position25",0,"Arctic","Arctic"
"230","Calidris fuscicollis","position26",0.01,"Arctic","Arctic"
"231","Calidris fuscicollis","position27",0,"Arctic","Arctic"
"232","Calidris fuscicollis","position28",0.24,"Arctic","Arctic"
"233","Calidris fuscicollis","position29",0.34,"Arctic","Arctic"
"234","Calidris fuscicollis","position30",0,"Arctic","Arctic"
"235","Calidris melanotos","indegree",0.5,"Arctic","Arctic"
"236","Calidris melanotos","outdegree",6.08,"Arctic","Arctic"
"237","Calidris melanotos","betweeness",0.149507936507937,"Arctic","Arctic"
"238","Calidris melanotos","closeness",0.760217192637084,"Arctic","Arctic"
"239","Calidris melanotos","eigen",0.336656579154331,"Arctic","Arctic"
"240","Calidris melanotos","TL",1.62687766422031,"Arctic","Arctic"
"241","Calidris melanotos","OI",0.0463580673007922,"Arctic","Arctic"
"242","Calidris melanotos","within_module_degree",-0.782168900356251,"Arctic","Arctic"
"243","Calidris melanotos","among_module_conn",0.494898474111867,"Arctic","Arctic"
"244","Calidris melanotos","position1",0.12,"Arctic","Arctic"
"245","Calidris melanotos","position2",0.06,"Arctic","Arctic"
"246","Calidris melanotos","position3",0.67,"Arctic","Arctic"
"247","Calidris melanotos","position4",0.03,"Arctic","Arctic"
"248","Calidris melanotos","position5",7.17,"Arctic","Arctic"
"249","Calidris melanotos","position6",2.4,"Arctic","Arctic"
"250","Calidris melanotos","position7",0,"Arctic","Arctic"
"251","Calidris melanotos","position8",1.43,"Arctic","Arctic"
"252","Calidris melanotos","position9",1.23,"Arctic","Arctic"
"253","Calidris melanotos","position10",69.86,"Arctic","Arctic"
"254","Calidris melanotos","position11",0.18,"Arctic","Arctic"
"255","Calidris melanotos","position12",0.05,"Arctic","Arctic"
"256","Calidris melanotos","position13",6.94,"Arctic","Arctic"
"257","Calidris melanotos","position14",0.02,"Arctic","Arctic"
"258","Calidris melanotos","position15",0.01,"Arctic","Arctic"
"259","Calidris melanotos","position16",0.71,"Arctic","Arctic"
"260","Calidris melanotos","position17",2.81,"Arctic","Arctic"
"261","Calidris melanotos","position18",0,"Arctic","Arctic"
"262","Calidris melanotos","position19",0,"Arctic","Arctic"
"263","Calidris melanotos","position20",0.04,"Arctic","Arctic"
"264","Calidris melanotos","position21",0.01,"Arctic","Arctic"
"265","Calidris melanotos","position22",0,"Arctic","Arctic"
"266","Calidris melanotos","position23",0.05,"Arctic","Arctic"
"267","Calidris melanotos","position24",0.11,"Arctic","Arctic"
"268","Calidris melanotos","position25",0,"Arctic","Arctic"
"269","Calidris melanotos","position26",0,"Arctic","Arctic"
"270","Calidris melanotos","position27",0,"Arctic","Arctic"
"271","Calidris melanotos","position28",0.32,"Arctic","Arctic"
"272","Calidris melanotos","position29",0.48,"Arctic","Arctic"
"273","Calidris melanotos","position30",0,"Arctic","Arctic"
"274","Chen caerulescens","indegree",0.6,"Arctic","Arctic"
"275","Chen caerulescens","outdegree",7.6,"Arctic","Arctic"
"276","Chen caerulescens","betweeness",3.70502380952381,"Arctic","Arctic"
"277","Chen caerulescens","closeness",0.832161714417906,"Arctic","Arctic"
"278","Chen caerulescens","eigen",0.380962694368499,"Arctic","Arctic"
"279","Chen caerulescens","TL",1.42826993716973,"Arctic","Arctic"
"280","Chen caerulescens","OI",0.152224156279255,"Arctic","Arctic"
"281","Chen caerulescens","within_module_degree",-0.551796461246549,"Arctic","Arctic"
"282","Chen caerulescens","among_module_conn",0.55175064253539,"Arctic","Arctic"
"283","Chen caerulescens","position1",0.08,"Arctic","Arctic"
"284","Chen caerulescens","position2",0.44,"Arctic","Arctic"
"285","Chen caerulescens","position3",0.91,"Arctic","Arctic"
"286","Chen caerulescens","position4",0.03,"Arctic","Arctic"
"287","Chen caerulescens","position5",12.31,"Arctic","Arctic"
"288","Chen caerulescens","position6",1.4,"Arctic","Arctic"
"289","Chen caerulescens","position7",0.07,"Arctic","Arctic"
"290","Chen caerulescens","position8",0.26,"Arctic","Arctic"
"291","Chen caerulescens","position9",3.75,"Arctic","Arctic"
"292","Chen caerulescens","position10",67.11,"Arctic","Arctic"
"293","Chen caerulescens","position11",0.25,"Arctic","Arctic"
"294","Chen caerulescens","position12",0.3,"Arctic","Arctic"
"295","Chen caerulescens","position13",8.01,"Arctic","Arctic"
"296","Chen caerulescens","position14",0.67,"Arctic","Arctic"
"297","Chen caerulescens","position15",0,"Arctic","Arctic"
"298","Chen caerulescens","position16",1.57,"Arctic","Arctic"
"299","Chen caerulescens","position17",1.69,"Arctic","Arctic"
"300","Chen caerulescens","position18",0.19,"Arctic","Arctic"
"301","Chen caerulescens","position19",0.21,"Arctic","Arctic"
"302","Chen caerulescens","position20",0.02,"Arctic","Arctic"
"303","Chen caerulescens","position21",0.11,"Arctic","Arctic"
"304","Chen caerulescens","position22",0.03,"Arctic","Arctic"
"305","Chen caerulescens","position23",0.02,"Arctic","Arctic"
"306","Chen caerulescens","position24",0.4,"Arctic","Arctic"
"307","Chen caerulescens","position25",0.08,"Arctic","Arctic"
"308","Chen caerulescens","position26",0.05,"Arctic","Arctic"
"309","Chen caerulescens","position27",0.12,"Arctic","Arctic"
"310","Chen caerulescens","position28",0.59,"Arctic","Arctic"
"311","Chen caerulescens","position29",0.05,"Arctic","Arctic"
"312","Chen caerulescens","position30",0.08,"Arctic","Arctic"
"313","Dicrostonyx groenlandicus","indegree",0.5,"Arctic","Arctic"
"314","Dicrostonyx groenlandicus","outdegree",8.11,"Arctic","Arctic"
"315","Dicrostonyx groenlandicus","betweeness",1.96343650793651,"Arctic","Arctic"
"316","Dicrostonyx groenlandicus","closeness",0.872773714575185,"Arctic","Arctic"
"317","Dicrostonyx groenlandicus","eigen",0.405157918889132,"Arctic","Arctic"
"318","Dicrostonyx groenlandicus","TL",1.66290169928678,"Arctic","Arctic"
"319","Dicrostonyx groenlandicus","OI",0.102427990405798,"Arctic","Arctic"
"320","Dicrostonyx groenlandicus","within_module_degree",-0.690286001471842,"Arctic","Arctic"
"321","Dicrostonyx groenlandicus","among_module_conn",0.580194274612519,"Arctic","Arctic"
"322","Dicrostonyx groenlandicus","position1",0.08,"Arctic","Arctic"
"323","Dicrostonyx groenlandicus","position2",0.12,"Arctic","Arctic"
"324","Dicrostonyx groenlandicus","position3",0.43,"Arctic","Arctic"
"325","Dicrostonyx groenlandicus","position4",0,"Arctic","Arctic"
"326","Dicrostonyx groenlandicus","position5",14.3,"Arctic","Arctic"
"327","Dicrostonyx groenlandicus","position6",0.96,"Arctic","Arctic"
"328","Dicrostonyx groenlandicus","position7",0.02,"Arctic","Arctic"
"329","Dicrostonyx groenlandicus","position8",0.25,"Arctic","Arctic"
"330","Dicrostonyx groenlandicus","position9",4.38,"Arctic","Arctic"
"331","Dicrostonyx groenlandicus","position10",72.65,"Arctic","Arctic"
"332","Dicrostonyx groenlandicus","position11",0.01,"Arctic","Arctic"
"333","Dicrostonyx groenlandicus","position12",0.09,"Arctic","Arctic"
"334","Dicrostonyx groenlandicus","position13",8.1,"Arctic","Arctic"
"335","Dicrostonyx groenlandicus","position14",0.47,"Arctic","Arctic"
"336","Dicrostonyx groenlandicus","position15",0,"Arctic","Arctic"
"337","Dicrostonyx groenlandicus","position16",2.18,"Arctic","Arctic"
"338","Dicrostonyx groenlandicus","position17",1.47,"Arctic","Arctic"
"339","Dicrostonyx groenlandicus","position18",0.01,"Arctic","Arctic"
"340","Dicrostonyx groenlandicus","position19",0.09,"Arctic","Arctic"
"341","Dicrostonyx groenlandicus","position20",0.07,"Arctic","Arctic"
"342","Dicrostonyx groenlandicus","position21",0.08,"Arctic","Arctic"
"343","Dicrostonyx groenlandicus","position22",0,"Arctic","Arctic"
"344","Dicrostonyx groenlandicus","position23",0.03,"Arctic","Arctic"
"345","Dicrostonyx groenlandicus","position24",0.49,"Arctic","Arctic"
"346","Dicrostonyx groenlandicus","position25",0.07,"Arctic","Arctic"
"347","Dicrostonyx groenlandicus","position26",0.04,"Arctic","Arctic"
"348","Dicrostonyx groenlandicus","position27",0.04,"Arctic","Arctic"
"349","Dicrostonyx groenlandicus","position28",0.72,"Arctic","Arctic"
"350","Dicrostonyx groenlandicus","position29",0.14,"Arctic","Arctic"
"351","Dicrostonyx groenlandicus","position30",0,"Arctic","Arctic"
"352","Eremophila alpestris","indegree",0.21,"Arctic","Arctic"
"353","Eremophila alpestris","outdegree",8.11,"Arctic","Arctic"
"354","Eremophila alpestris","betweeness",0.504563492063492,"Arctic","Arctic"
"355","Eremophila alpestris","closeness",0.852452335598698,"Arctic","Arctic"
"356","Eremophila alpestris","eigen",0.387847960001891,"Arctic","Arctic"
"357","Eremophila alpestris","TL",1.23239548021365,"Arctic","Arctic"
"358","Eremophila alpestris","OI",0.142569913189163,"Arctic","Arctic"
"359","Eremophila alpestris","within_module_degree",-0.704843496099965,"Arctic","Arctic"
"360","Eremophila alpestris","among_module_conn",0.567807373120768,"Arctic","Arctic"
"361","Eremophila alpestris","position1",0,"Arctic","Arctic"
"362","Eremophila alpestris","position2",0.13,"Arctic","Arctic"
"363","Eremophila alpestris","position3",0.25,"Arctic","Arctic"
"364","Eremophila alpestris","position4",0,"Arctic","Arctic"
"365","Eremophila alpestris","position5",15.52,"Arctic","Arctic"
"366","Eremophila alpestris","position6",0.72,"Arctic","Arctic"
"367","Eremophila alpestris","position7",0.01,"Arctic","Arctic"
"368","Eremophila alpestris","position8",0.18,"Arctic","Arctic"
"369","Eremophila alpestris","position9",4.98,"Arctic","Arctic"
"370","Eremophila alpestris","position10",73.79,"Arctic","Arctic"
"371","Eremophila alpestris","position11",0.02,"Arctic","Arctic"
"372","Eremophila alpestris","position12",0.06,"Arctic","Arctic"
"373","Eremophila alpestris","position13",8.26,"Arctic","Arctic"
"374","Eremophila alpestris","position14",0.1,"Arctic","Arctic"
"375","Eremophila alpestris","position15",0,"Arctic","Arctic"
"376","Eremophila alpestris","position16",0.63,"Arctic","Arctic"
"377","Eremophila alpestris","position17",2.12,"Arctic","Arctic"
"378","Eremophila alpestris","position18",0,"Arctic","Arctic"
"379","Eremophila alpestris","position19",0.1,"Arctic","Arctic"
"380","Eremophila alpestris","position20",0.03,"Arctic","Arctic"
"381","Eremophila alpestris","position21",0.01,"Arctic","Arctic"
"382","Eremophila alpestris","position22",0,"Arctic","Arctic"
"383","Eremophila alpestris","position23",0.02,"Arctic","Arctic"
"384","Eremophila alpestris","position24",0.18,"Arctic","Arctic"
"385","Eremophila alpestris","position25",0.01,"Arctic","Arctic"
"386","Eremophila alpestris","position26",0,"Arctic","Arctic"
"387","Eremophila alpestris","position27",0.01,"Arctic","Arctic"
"388","Eremophila alpestris","position28",0.19,"Arctic","Arctic"
"389","Eremophila alpestris","position29",0.1,"Arctic","Arctic"
"390","Eremophila alpestris","position30",0.01,"Arctic","Arctic"
"391","Falco peregrinus","indegree",17.33,"Arctic","Arctic"
"392","Falco peregrinus","outdegree",4.4,"Arctic","Arctic"
"393","Falco peregrinus","betweeness",2.51447619047619,"Arctic","Arctic"
"394","Falco peregrinus","closeness",0.653611989900384,"Arctic","Arctic"
"395","Falco peregrinus","eigen",0.759951986288508,"Arctic","Arctic"
"396","Falco peregrinus","TL",2.72031165510463,"Arctic","Arctic"
"397","Falco peregrinus","OI",0.92455516005278,"Arctic","Arctic"
"398","Falco peregrinus","within_module_degree",1.26126506100433,"Arctic","Arctic"
"399","Falco peregrinus","among_module_conn",0.586533317830138,"Arctic","Arctic"
"400","Falco peregrinus","position1",1.81,"Arctic","Arctic"
"401","Falco peregrinus","position2",0.27,"Arctic","Arctic"
"402","Falco peregrinus","position3",0,"Arctic","Arctic"
"403","Falco peregrinus","position4",22.71,"Arctic","Arctic"
"404","Falco peregrinus","position5",0.11,"Arctic","Arctic"
"405","Falco peregrinus","position6",23.88,"Arctic","Arctic"
"406","Falco peregrinus","position7",0.18,"Arctic","Arctic"
"407","Falco peregrinus","position8",10.41,"Arctic","Arctic"
"408","Falco peregrinus","position9",0,"Arctic","Arctic"
"409","Falco peregrinus","position10",1.99,"Arctic","Arctic"
"410","Falco peregrinus","position11",79.56,"Arctic","Arctic"
"411","Falco peregrinus","position12",24.05,"Arctic","Arctic"
"412","Falco peregrinus","position13",0.86,"Arctic","Arctic"
"413","Falco peregrinus","position14",0.39,"Arctic","Arctic"
"414","Falco peregrinus","position15",0.36,"Arctic","Arctic"
"415","Falco peregrinus","position16",2.2,"Arctic","Arctic"
"416","Falco peregrinus","position17",0.87,"Arctic","Arctic"
"417","Falco peregrinus","position18",2.05,"Arctic","Arctic"
"418","Falco peregrinus","position19",0.04,"Arctic","Arctic"
"419","Falco peregrinus","position20",0.21,"Arctic","Arctic"
"420","Falco peregrinus","position21",0.02,"Arctic","Arctic"
"421","Falco peregrinus","position22",0.2,"Arctic","Arctic"
"422","Falco peregrinus","position23",2.88,"Arctic","Arctic"
"423","Falco peregrinus","position24",0.26,"Arctic","Arctic"
"424","Falco peregrinus","position25",0.5,"Arctic","Arctic"
"425","Falco peregrinus","position26",0.63,"Arctic","Arctic"
"426","Falco peregrinus","position27",0.59,"Arctic","Arctic"
"427","Falco peregrinus","position28",2.42,"Arctic","Arctic"
"428","Falco peregrinus","position29",0.34,"Arctic","Arctic"
"429","Falco peregrinus","position30",0.14,"Arctic","Arctic"
"430","Larus hyperboreus","indegree",20.35,"Arctic","Arctic"
"431","Larus hyperboreus","outdegree",3.97,"Arctic","Arctic"
"432","Larus hyperboreus","betweeness",2.72988888888889,"Arctic","Arctic"
"433","Larus hyperboreus","closeness",0.614069503028044,"Arctic","Arctic"
"434","Larus hyperboreus","eigen",0.889828156311423,"Arctic","Arctic"
"435","Larus hyperboreus","TL",2.83762838948998,"Arctic","Arctic"
"436","Larus hyperboreus","OI",0.904415689042715,"Arctic","Arctic"
"437","Larus hyperboreus","within_module_degree",1.33549328580299,"Arctic","Arctic"
"438","Larus hyperboreus","among_module_conn",0.587418046730511,"Arctic","Arctic"
"439","Larus hyperboreus","position1",0.02,"Arctic","Arctic"
"440","Larus hyperboreus","position2",0.04,"Arctic","Arctic"
"441","Larus hyperboreus","position3",0,"Arctic","Arctic"
"442","Larus hyperboreus","position4",38.18,"Arctic","Arctic"
"443","Larus hyperboreus","position5",0,"Arctic","Arctic"
"444","Larus hyperboreus","position6",0.83,"Arctic","Arctic"
"445","Larus hyperboreus","position7",0.01,"Arctic","Arctic"
"446","Larus hyperboreus","position8",3.82,"Arctic","Arctic"
"447","Larus hyperboreus","position9",0,"Arctic","Arctic"
"448","Larus hyperboreus","position10",0.11,"Arctic","Arctic"
"449","Larus hyperboreus","position11",88.71,"Arctic","Arctic"
"450","Larus hyperboreus","position12",43.37,"Arctic","Arctic"
"451","Larus hyperboreus","position13",0,"Arctic","Arctic"
"452","Larus hyperboreus","position14",0,"Arctic","Arctic"
"453","Larus hyperboreus","position15",0.54,"Arctic","Arctic"
"454","Larus hyperboreus","position16",0.35,"Arctic","Arctic"
"455","Larus hyperboreus","position17",0,"Arctic","Arctic"
"456","Larus hyperboreus","position18",2.44,"Arctic","Arctic"
"457","Larus hyperboreus","position19",0,"Arctic","Arctic"
"458","Larus hyperboreus","position20",0.08,"Arctic","Arctic"
"459","Larus hyperboreus","position21",0.09,"Arctic","Arctic"
"460","Larus hyperboreus","position22",0.63,"Arctic","Arctic"
"461","Larus hyperboreus","position23",0.03,"Arctic","Arctic"
"462","Larus hyperboreus","position24",0.07,"Arctic","Arctic"
"463","Larus hyperboreus","position25",1.73,"Arctic","Arctic"
"464","Larus hyperboreus","position26",4.78,"Arctic","Arctic"
"465","Larus hyperboreus","position27",1.8,"Arctic","Arctic"
"466","Larus hyperboreus","position28",0.05,"Arctic","Arctic"
"467","Larus hyperboreus","position29",0.59,"Arctic","Arctic"
"468","Larus hyperboreus","position30",0.11,"Arctic","Arctic"
"469","Lemmus trimucronatus","indegree",0.55,"Arctic","Arctic"
"470","Lemmus trimucronatus","outdegree",9.39,"Arctic","Arctic"
"471","Lemmus trimucronatus","betweeness",4.2244126984127,"Arctic","Arctic"
"472","Lemmus trimucronatus","closeness",0.932478404287043,"Arctic","Arctic"
"473","Lemmus trimucronatus","eigen",0.438331567465636,"Arctic","Arctic"
"474","Lemmus trimucronatus","TL",1.53090937360106,"Arctic","Arctic"
"475","Lemmus trimucronatus","OI",0.118227146381923,"Arctic","Arctic"
"476","Lemmus trimucronatus","within_module_degree",-0.472375601719626,"Arctic","Arctic"
"477","Lemmus trimucronatus","among_module_conn",0.594794013483018,"Arctic","Arctic"
"478","Lemmus trimucronatus","position1",0,"Arctic","Arctic"
"479","Lemmus trimucronatus","position2",0.29,"Arctic","Arctic"
"480","Lemmus trimucronatus","position3",0.37,"Arctic","Arctic"
"481","Lemmus trimucronatus","position4",0,"Arctic","Arctic"
"482","Lemmus trimucronatus","position5",20.22,"Arctic","Arctic"
"483","Lemmus trimucronatus","position6",0.97,"Arctic","Arctic"
"484","Lemmus trimucronatus","position7",0,"Arctic","Arctic"
"485","Lemmus trimucronatus","position8",0.14,"Arctic","Arctic"
"486","Lemmus trimucronatus","position9",7.84,"Arctic","Arctic"
"487","Lemmus trimucronatus","position10",68.88,"Arctic","Arctic"
"488","Lemmus trimucronatus","position11",0.05,"Arctic","Arctic"
"489","Lemmus trimucronatus","position12",0.09,"Arctic","Arctic"
"490","Lemmus trimucronatus","position13",8.87,"Arctic","Arctic"
"491","Lemmus trimucronatus","position14",0.68,"Arctic","Arctic"
"492","Lemmus trimucronatus","position15",0,"Arctic","Arctic"
"493","Lemmus trimucronatus","position16",1.9,"Arctic","Arctic"
"494","Lemmus trimucronatus","position17",0.94,"Arctic","Arctic"
"495","Lemmus trimucronatus","position18",0.05,"Arctic","Arctic"
"496","Lemmus trimucronatus","position19",0.34,"Arctic","Arctic"
"497","Lemmus trimucronatus","position20",0,"Arctic","Arctic"
"498","Lemmus trimucronatus","position21",0.09,"Arctic","Arctic"
"499","Lemmus trimucronatus","position22",0,"Arctic","Arctic"
"500","Lemmus trimucronatus","position23",0,"Arctic","Arctic"
"501","Lemmus trimucronatus","position24",0.53,"Arctic","Arctic"
"502","Lemmus trimucronatus","position25",0.09,"Arctic","Arctic"
"503","Lemmus trimucronatus","position26",0,"Arctic","Arctic"
"504","Lemmus trimucronatus","position27",0.1,"Arctic","Arctic"
"505","Lemmus trimucronatus","position28",0.57,"Arctic","Arctic"
"506","Lemmus trimucronatus","position29",0.16,"Arctic","Arctic"
"507","Lemmus trimucronatus","position30",0.04,"Arctic","Arctic"
"508","Mustela erminea","indegree",11.61,"Arctic","Arctic"
"509","Mustela erminea","outdegree",6.27,"Arctic","Arctic"
"510","Mustela erminea","betweeness",5.69714285714286,"Arctic","Arctic"
"511","Mustela erminea","closeness",0.765347031551195,"Arctic","Arctic"
"512","Mustela erminea","eigen",0.658361731310496,"Arctic","Arctic"
"513","Mustela erminea","TL",2.49338588261891,"Arctic","Arctic"
"514","Mustela erminea","OI",0.89062089812458,"Arctic","Arctic"
"515","Mustela erminea","within_module_degree",1.1851825680282,"Arctic","Arctic"
"516","Mustela erminea","among_module_conn",0.570390831545833,"Arctic","Arctic"
"517","Mustela erminea","position1",0.45,"Arctic","Arctic"
"518","Mustela erminea","position2",3.55,"Arctic","Arctic"
"519","Mustela erminea","position3",1.27,"Arctic","Arctic"
"520","Mustela erminea","position4",2.51,"Arctic","Arctic"
"521","Mustela erminea","position5",3.05,"Arctic","Arctic"
"522","Mustela erminea","position6",33.05,"Arctic","Arctic"
"523","Mustela erminea","position7",0.1,"Arctic","Arctic"
"524","Mustela erminea","position8",14.07,"Arctic","Arctic"
"525","Mustela erminea","position9",1.3,"Arctic","Arctic"
"526","Mustela erminea","position10",14.34,"Arctic","Arctic"
"527","Mustela erminea","position11",39.61,"Arctic","Arctic"
"528","Mustela erminea","position12",11.91,"Arctic","Arctic"
"529","Mustela erminea","position13",2.99,"Arctic","Arctic"
"530","Mustela erminea","position14",0.69,"Arctic","Arctic"
"531","Mustela erminea","position15",0.07,"Arctic","Arctic"
"532","Mustela erminea","position16",5.11,"Arctic","Arctic"
"533","Mustela erminea","position17",1.5,"Arctic","Arctic"
"534","Mustela erminea","position18",1.31,"Arctic","Arctic"
"535","Mustela erminea","position19",0.42,"Arctic","Arctic"
"536","Mustela erminea","position20",0.02,"Arctic","Arctic"
"537","Mustela erminea","position21",0.21,"Arctic","Arctic"
"538","Mustela erminea","position22",0.06,"Arctic","Arctic"
"539","Mustela erminea","position23",0.58,"Arctic","Arctic"
"540","Mustela erminea","position24",0.75,"Arctic","Arctic"
"541","Mustela erminea","position25",0.76,"Arctic","Arctic"
"542","Mustela erminea","position26",0.6,"Arctic","Arctic"
"543","Mustela erminea","position27",0.39,"Arctic","Arctic"
"544","Mustela erminea","position28",2.42,"Arctic","Arctic"
"545","Mustela erminea","position29",0.55,"Arctic","Arctic"
"546","Mustela erminea","position30",0.05,"Arctic","Arctic"
"547","Phalaropus fulicarius","indegree",0.55,"Arctic","Arctic"
"548","Phalaropus fulicarius","outdegree",6.14,"Arctic","Arctic"
"549","Phalaropus fulicarius","betweeness",0.452853174603175,"Arctic","Arctic"
"550","Phalaropus fulicarius","closeness",0.761387749946363,"Arctic","Arctic"
"551","Phalaropus fulicarius","eigen",0.340218185285011,"Arctic","Arctic"
"552","Phalaropus fulicarius","TL",1.43923925976383,"Arctic","Arctic"
"553","Phalaropus fulicarius","OI",0.0769355434134775,"Arctic","Arctic"
"554","Phalaropus fulicarius","within_module_degree",-0.717493109028522,"Arctic","Arctic"
"555","Phalaropus fulicarius","among_module_conn",0.501278891106257,"Arctic","Arctic"
"556","Phalaropus fulicarius","position1",0.04,"Arctic","Arctic"
"557","Phalaropus fulicarius","position2",0.1,"Arctic","Arctic"
"558","Phalaropus fulicarius","position3",0.87,"Arctic","Arctic"
"559","Phalaropus fulicarius","position4",0.05,"Arctic","Arctic"
"560","Phalaropus fulicarius","position5",7.15,"Arctic","Arctic"
"561","Phalaropus fulicarius","position6",2.11,"Arctic","Arctic"
"562","Phalaropus fulicarius","position7",0.01,"Arctic","Arctic"
"563","Phalaropus fulicarius","position8",1.16,"Arctic","Arctic"
"564","Phalaropus fulicarius","position9",1.29,"Arctic","Arctic"
"565","Phalaropus fulicarius","position10",69.83,"Arctic","Arctic"
"566","Phalaropus fulicarius","position11",0.45,"Arctic","Arctic"
"567","Phalaropus fulicarius","position12",0.25,"Arctic","Arctic"
"568","Phalaropus fulicarius","position13",6.9,"Arctic","Arctic"
"569","Phalaropus fulicarius","position14",0.07,"Arctic","Arctic"
"570","Phalaropus fulicarius","position15",0,"Arctic","Arctic"
"571","Phalaropus fulicarius","position16",1.03,"Arctic","Arctic"
"572","Phalaropus fulicarius","position17",2.71,"Arctic","Arctic"
"573","Phalaropus fulicarius","position18",0.05,"Arctic","Arctic"
"574","Phalaropus fulicarius","position19",0.02,"Arctic","Arctic"
"575","Phalaropus fulicarius","position20",0.04,"Arctic","Arctic"
"576","Phalaropus fulicarius","position21",0.03,"Arctic","Arctic"
"577","Phalaropus fulicarius","position22",0,"Arctic","Arctic"
"578","Phalaropus fulicarius","position23",0.01,"Arctic","Arctic"
"579","Phalaropus fulicarius","position24",0.17,"Arctic","Arctic"
"580","Phalaropus fulicarius","position25",0.02,"Arctic","Arctic"
"581","Phalaropus fulicarius","position26",0.05,"Arctic","Arctic"
"582","Phalaropus fulicarius","position27",0.01,"Arctic","Arctic"
"583","Phalaropus fulicarius","position28",0.42,"Arctic","Arctic"
"584","Phalaropus fulicarius","position29",0.46,"Arctic","Arctic"
"585","Phalaropus fulicarius","position30",0,"Arctic","Arctic"
"586","Plectrophenax nivalis","indegree",0.11,"Arctic","Arctic"
"587","Plectrophenax nivalis","outdegree",8.86,"Arctic","Arctic"
"588","Plectrophenax nivalis","betweeness",0.375730158730159,"Arctic","Arctic"
"589","Plectrophenax nivalis","closeness",0.90392698024706,"Arctic","Arctic"
"590","Plectrophenax nivalis","eigen",0.408606299206609,"Arctic","Arctic"
"591","Plectrophenax nivalis","TL",1.20619026310731,"Arctic","Arctic"
"592","Plectrophenax nivalis","OI",0.0230956284289953,"Arctic","Arctic"
"593","Plectrophenax nivalis","within_module_degree",-0.711052813288847,"Arctic","Arctic"
"594","Plectrophenax nivalis","among_module_conn",0.58947081863489,"Arctic","Arctic"
"595","Plectrophenax nivalis","position1",0,"Arctic","Arctic"
"596","Plectrophenax nivalis","position2",0.1,"Arctic","Arctic"
"597","Plectrophenax nivalis","position3",0.13,"Arctic","Arctic"
"598","Plectrophenax nivalis","position4",0,"Arctic","Arctic"
"599","Plectrophenax nivalis","position5",18.85,"Arctic","Arctic"
"600","Plectrophenax nivalis","position6",0.28,"Arctic","Arctic"
"601","Plectrophenax nivalis","position7",0,"Arctic","Arctic"
"602","Plectrophenax nivalis","position8",0.13,"Arctic","Arctic"
"603","Plectrophenax nivalis","position9",6.86,"Arctic","Arctic"
"604","Plectrophenax nivalis","position10",74.37,"Arctic","Arctic"
"605","Plectrophenax nivalis","position11",0,"Arctic","Arctic"
"606","Plectrophenax nivalis","position12",0.03,"Arctic","Arctic"
"607","Plectrophenax nivalis","position13",9.18,"Arctic","Arctic"
"608","Plectrophenax nivalis","position14",0.12,"Arctic","Arctic"
"609","Plectrophenax nivalis","position15",0,"Arctic","Arctic"
"610","Plectrophenax nivalis","position16",0.38,"Arctic","Arctic"
"611","Plectrophenax nivalis","position17",1.32,"Arctic","Arctic"
"612","Plectrophenax nivalis","position18",0,"Arctic","Arctic"
"613","Plectrophenax nivalis","position19",0.06,"Arctic","Arctic"
"614","Plectrophenax nivalis","position20",0,"Arctic","Arctic"
"615","Plectrophenax nivalis","position21",0.04,"Arctic","Arctic"
"616","Plectrophenax nivalis","position22",0,"Arctic","Arctic"
"617","Plectrophenax nivalis","position23",0,"Arctic","Arctic"
"618","Plectrophenax nivalis","position24",0.11,"Arctic","Arctic"
"619","Plectrophenax nivalis","position25",0.01,"Arctic","Arctic"
"620","Plectrophenax nivalis","position26",0,"Arctic","Arctic"
"621","Plectrophenax nivalis","position27",0.01,"Arctic","Arctic"
"622","Plectrophenax nivalis","position28",0.16,"Arctic","Arctic"
"623","Plectrophenax nivalis","position29",0.12,"Arctic","Arctic"
"624","Plectrophenax nivalis","position30",0,"Arctic","Arctic"
"625","Pluvialis dominica","indegree",1.15,"Arctic","Arctic"
"626","Pluvialis dominica","outdegree",5.51,"Arctic","Arctic"
"627","Pluvialis dominica","betweeness",0.095968253968254,"Arctic","Arctic"
"628","Pluvialis dominica","closeness",0.738705339317717,"Arctic","Arctic"
"629","Pluvialis dominica","eigen",0.336784892102342,"Arctic","Arctic"
"630","Pluvialis dominica","TL",2.06724177891602,"Arctic","Arctic"
"631","Pluvialis dominica","OI",0.222819504797399,"Arctic","Arctic"
"632","Pluvialis dominica","within_module_degree",-0.75933464503734,"Arctic","Arctic"
"633","Pluvialis dominica","among_module_conn",0.501270319264069,"Arctic","Arctic"
"634","Pluvialis dominica","position1",0.15,"Arctic","Arctic"
"635","Pluvialis dominica","position2",0.06,"Arctic","Arctic"
"636","Pluvialis dominica","position3",0.44,"Arctic","Arctic"
"637","Pluvialis dominica","position4",0.06,"Arctic","Arctic"
"638","Pluvialis dominica","position5",5.02,"Arctic","Arctic"
"639","Pluvialis dominica","position6",4.7,"Arctic","Arctic"
"640","Pluvialis dominica","position7",0,"Arctic","Arctic"
"641","Pluvialis dominica","position8",3.58,"Arctic","Arctic"
"642","Pluvialis dominica","position9",0.69,"Arctic","Arctic"
"643","Pluvialis dominica","position10",63.72,"Arctic","Arctic"
"644","Pluvialis dominica","position11",0.65,"Arctic","Arctic"
"645","Pluvialis dominica","position12",0.31,"Arctic","Arctic"
"646","Pluvialis dominica","position13",6.09,"Arctic","Arctic"
"647","Pluvialis dominica","position14",0.07,"Arctic","Arctic"
"648","Pluvialis dominica","position15",0,"Arctic","Arctic"
"649","Pluvialis dominica","position16",1.82,"Arctic","Arctic"
"650","Pluvialis dominica","position17",2.84,"Arctic","Arctic"
"651","Pluvialis dominica","position18",0,"Arctic","Arctic"
"652","Pluvialis dominica","position19",0.01,"Arctic","Arctic"
"653","Pluvialis dominica","position20",0.1,"Arctic","Arctic"
"654","Pluvialis dominica","position21",0.02,"Arctic","Arctic"
"655","Pluvialis dominica","position22",0,"Arctic","Arctic"
"656","Pluvialis dominica","position23",0.1,"Arctic","Arctic"
"657","Pluvialis dominica","position24",0.17,"Arctic","Arctic"
"658","Pluvialis dominica","position25",0,"Arctic","Arctic"
"659","Pluvialis dominica","position26",0,"Arctic","Arctic"
"660","Pluvialis dominica","position27",0,"Arctic","Arctic"
"661","Pluvialis dominica","position28",0.67,"Arctic","Arctic"
"662","Pluvialis dominica","position29",0.68,"Arctic","Arctic"
"663","Pluvialis dominica","position30",0,"Arctic","Arctic"
"664","Pluvialis squatarola","indegree",3.47,"Arctic","Arctic"
"665","Pluvialis squatarola","outdegree",5.3,"Arctic","Arctic"
"666","Pluvialis squatarola","betweeness",0.712150793650794,"Arctic","Arctic"
"667","Pluvialis squatarola","closeness",0.736229569719189,"Arctic","Arctic"
"668","Pluvialis squatarola","eigen",0.402634849113165,"Arctic","Arctic"
"669","Pluvialis squatarola","TL",2.49018206525571,"Arctic","Arctic"
"670","Pluvialis squatarola","OI",0.424072791372237,"Arctic","Arctic"
"671","Pluvialis squatarola","within_module_degree",-0.355028872709205,"Arctic","Arctic"
"672","Pluvialis squatarola","among_module_conn",0.551112357045081,"Arctic","Arctic"
"673","Pluvialis squatarola","position1",0.89,"Arctic","Arctic"
"674","Pluvialis squatarola","position2",0.25,"Arctic","Arctic"
"675","Pluvialis squatarola","position3",0.44,"Arctic","Arctic"
"676","Pluvialis squatarola","position4",0.71,"Arctic","Arctic"
"677","Pluvialis squatarola","position5",3.66,"Arctic","Arctic"
"678","Pluvialis squatarola","position6",12.72,"Arctic","Arctic"
"679","Pluvialis squatarola","position7",0.01,"Arctic","Arctic"
"680","Pluvialis squatarola","position8",7.9,"Arctic","Arctic"
"681","Pluvialis squatarola","position9",0.5,"Arctic","Arctic"
"682","Pluvialis squatarola","position10",49.64,"Arctic","Arctic"
"683","Pluvialis squatarola","position11",3.8,"Arctic","Arctic"
"684","Pluvialis squatarola","position12",1.82,"Arctic","Arctic"
"685","Pluvialis squatarola","position13",5.15,"Arctic","Arctic"
"686","Pluvialis squatarola","position14",0.31,"Arctic","Arctic"
"687","Pluvialis squatarola","position15",0.06,"Arctic","Arctic"
"688","Pluvialis squatarola","position16",4.61,"Arctic","Arctic"
"689","Pluvialis squatarola","position17",2.19,"Arctic","Arctic"
"690","Pluvialis squatarola","position18",0.06,"Arctic","Arctic"
"691","Pluvialis squatarola","position19",0.1,"Arctic","Arctic"
"692","Pluvialis squatarola","position20",0.11,"Arctic","Arctic"
"693","Pluvialis squatarola","position21",0.28,"Arctic","Arctic"
"694","Pluvialis squatarola","position22",0,"Arctic","Arctic"
"695","Pluvialis squatarola","position23",0.23,"Arctic","Arctic"
"696","Pluvialis squatarola","position24",0.46,"Arctic","Arctic"
"697","Pluvialis squatarola","position25",0.12,"Arctic","Arctic"
"698","Pluvialis squatarola","position26",0.14,"Arctic","Arctic"
"699","Pluvialis squatarola","position27",0.03,"Arctic","Arctic"
"700","Pluvialis squatarola","position28",1.34,"Arctic","Arctic"
"701","Pluvialis squatarola","position29",0.89,"Arctic","Arctic"
"702","Pluvialis squatarola","position30",0,"Arctic","Arctic"
"703","Stercorarius longicaudus","indegree",9.65,"Arctic","Arctic"
"704","Stercorarius longicaudus","outdegree",3.93,"Arctic","Arctic"
"705","Stercorarius longicaudus","betweeness",1.84747222222222,"Arctic","Arctic"
"706","Stercorarius longicaudus","closeness",0.655319160552635,"Arctic","Arctic"
"707","Stercorarius longicaudus","eigen",0.525432714283175,"Arctic","Arctic"
"708","Stercorarius longicaudus","TL",2.66631581893059,"Arctic","Arctic"
"709","Stercorarius longicaudus","OI",0.732134962234737,"Arctic","Arctic"
"710","Stercorarius longicaudus","within_module_degree",0.404129593590187,"Arctic","Arctic"
"711","Stercorarius longicaudus","among_module_conn",0.574479167935909,"Arctic","Arctic"
"712","Stercorarius longicaudus","position1",2.72,"Arctic","Arctic"
"713","Stercorarius longicaudus","position2",0.93,"Arctic","Arctic"
"714","Stercorarius longicaudus","position3",0.13,"Arctic","Arctic"
"715","Stercorarius longicaudus","position4",6.48,"Arctic","Arctic"
"716","Stercorarius longicaudus","position5",0.88,"Arctic","Arctic"
"717","Stercorarius longicaudus","position6",19.85,"Arctic","Arctic"
"718","Stercorarius longicaudus","position7",0.1,"Arctic","Arctic"
"719","Stercorarius longicaudus","position8",19.79,"Arctic","Arctic"
"720","Stercorarius longicaudus","position9",0.02,"Arctic","Arctic"
"721","Stercorarius longicaudus","position10",17.84,"Arctic","Arctic"
"722","Stercorarius longicaudus","position11",25.29,"Arctic","Arctic"
"723","Stercorarius longicaudus","position12",9.28,"Arctic","Arctic"
"724","Stercorarius longicaudus","position13",1.9,"Arctic","Arctic"
"725","Stercorarius longicaudus","position14",0.34,"Arctic","Arctic"
"726","Stercorarius longicaudus","position15",0.33,"Arctic","Arctic"
"727","Stercorarius longicaudus","position16",6.83,"Arctic","Arctic"
"728","Stercorarius longicaudus","position17",1.42,"Arctic","Arctic"
"729","Stercorarius longicaudus","position18",0.81,"Arctic","Arctic"
"730","Stercorarius longicaudus","position19",0.04,"Arctic","Arctic"
"731","Stercorarius longicaudus","position20",0.41,"Arctic","Arctic"
"732","Stercorarius longicaudus","position21",0.3,"Arctic","Arctic"
"733","Stercorarius longicaudus","position22",0.09,"Arctic","Arctic"
"734","Stercorarius longicaudus","position23",0.47,"Arctic","Arctic"
"735","Stercorarius longicaudus","position24",0.97,"Arctic","Arctic"
"736","Stercorarius longicaudus","position25",0.42,"Arctic","Arctic"
"737","Stercorarius longicaudus","position26",1,"Arctic","Arctic"
"738","Stercorarius longicaudus","position27",0.19,"Arctic","Arctic"
"739","Stercorarius longicaudus","position28",1.26,"Arctic","Arctic"
"740","Stercorarius longicaudus","position29",2.36,"Arctic","Arctic"
"741","Stercorarius longicaudus","position30",0.05,"Arctic","Arctic"
"742","Stercorarius parasiticus","indegree",16.6,"Arctic","Arctic"
"743","Stercorarius parasiticus","outdegree",3.89,"Arctic","Arctic"
"744","Stercorarius parasiticus","betweeness",5.21473412698413,"Arctic","Arctic"
"745","Stercorarius parasiticus","closeness",0.656164959044163,"Arctic","Arctic"
"746","Stercorarius parasiticus","eigen",0.725495215878269,"Arctic","Arctic"
"747","Stercorarius parasiticus","TL",2.77788907318021,"Arctic","Arctic"
"748","Stercorarius parasiticus","OI",0.88246021071225,"Arctic","Arctic"
"749","Stercorarius parasiticus","within_module_degree",0.805305295359109,"Arctic","Arctic"
"750","Stercorarius parasiticus","among_module_conn",0.586978132329612,"Arctic","Arctic"
"751","Stercorarius parasiticus","position1",0.45,"Arctic","Arctic"
"752","Stercorarius parasiticus","position2",0.6,"Arctic","Arctic"
"753","Stercorarius parasiticus","position3",0,"Arctic","Arctic"
"754","Stercorarius parasiticus","position4",20.34,"Arctic","Arctic"
"755","Stercorarius parasiticus","position5",0.11,"Arctic","Arctic"
"756","Stercorarius parasiticus","position6",19.01,"Arctic","Arctic"
"757","Stercorarius parasiticus","position7",0.08,"Arctic","Arctic"
"758","Stercorarius parasiticus","position8",13.06,"Arctic","Arctic"
"759","Stercorarius parasiticus","position9",0.01,"Arctic","Arctic"
"760","Stercorarius parasiticus","position10",2.95,"Arctic","Arctic"
"761","Stercorarius parasiticus","position11",73.11,"Arctic","Arctic"
"762","Stercorarius parasiticus","position12",28.7,"Arctic","Arctic"
"763","Stercorarius parasiticus","position13",0.55,"Arctic","Arctic"
"764","Stercorarius parasiticus","position14",0.37,"Arctic","Arctic"
"765","Stercorarius parasiticus","position15",0.54,"Arctic","Arctic"
"766","Stercorarius parasiticus","position16",2.2,"Arctic","Arctic"
"767","Stercorarius parasiticus","position17",0.22,"Arctic","Arctic"
"768","Stercorarius parasiticus","position18",2.4,"Arctic","Arctic"
"769","Stercorarius parasiticus","position19",0,"Arctic","Arctic"
"770","Stercorarius parasiticus","position20",0.36,"Arctic","Arctic"
"771","Stercorarius parasiticus","position21",0.2,"Arctic","Arctic"
"772","Stercorarius parasiticus","position22",0.53,"Arctic","Arctic"
"773","Stercorarius parasiticus","position23",0.45,"Arctic","Arctic"
"774","Stercorarius parasiticus","position24",0.63,"Arctic","Arctic"
"775","Stercorarius parasiticus","position25",0.96,"Arctic","Arctic"
"776","Stercorarius parasiticus","position26",2.12,"Arctic","Arctic"
"777","Stercorarius parasiticus","position27",1.17,"Arctic","Arctic"
"778","Stercorarius parasiticus","position28",1.76,"Arctic","Arctic"
"779","Stercorarius parasiticus","position29",1.61,"Arctic","Arctic"
"780","Stercorarius parasiticus","position30",0.08,"Arctic","Arctic"
"781","Vulpes lagopus","indegree",20.48,"Arctic","Arctic"
"782","Vulpes lagopus","outdegree",6.42,"Arctic","Arctic"
"783","Vulpes lagopus","betweeness",32.4644563492064,"Arctic","Arctic"
"784","Vulpes lagopus","closeness",0.767671173103395,"Arctic","Arctic"
"785","Vulpes lagopus","eigen",0.976052700145517,"Arctic","Arctic"
"786","Vulpes lagopus","TL",2.82343174591714,"Arctic","Arctic"
"787","Vulpes lagopus","OI",0.89719195005058,"Arctic","Arctic"
"788","Vulpes lagopus","within_module_degree",1.51498973978166,"Arctic","Arctic"
"789","Vulpes lagopus","among_module_conn",0.592067227769443,"Arctic","Arctic"
"790","Vulpes lagopus","position1",0.25,"Arctic","Arctic"
"791","Vulpes lagopus","position2",0.66,"Arctic","Arctic"
"792","Vulpes lagopus","position3",0,"Arctic","Arctic"
"793","Vulpes lagopus","position4",27.41,"Arctic","Arctic"
"794","Vulpes lagopus","position5",0.02,"Arctic","Arctic"
"795","Vulpes lagopus","position6",3.03,"Arctic","Arctic"
"796","Vulpes lagopus","position7",0.1,"Arctic","Arctic"
"797","Vulpes lagopus","position8",0.61,"Arctic","Arctic"
"798","Vulpes lagopus","position9",0.1,"Arctic","Arctic"
"799","Vulpes lagopus","position10",0.04,"Arctic","Arctic"
"800","Vulpes lagopus","position11",70.76,"Arctic","Arctic"
"801","Vulpes lagopus","position12",48.15,"Arctic","Arctic"
"802","Vulpes lagopus","position13",0,"Arctic","Arctic"
"803","Vulpes lagopus","position14",0.62,"Arctic","Arctic"
"804","Vulpes lagopus","position15",0.27,"Arctic","Arctic"
"805","Vulpes lagopus","position16",0.48,"Arctic","Arctic"
"806","Vulpes lagopus","position17",0.01,"Arctic","Arctic"
"807","Vulpes lagopus","position18",16.95,"Arctic","Arctic"
"808","Vulpes lagopus","position19",0.18,"Arctic","Arctic"
"809","Vulpes lagopus","position20",0.02,"Arctic","Arctic"
"810","Vulpes lagopus","position21",0.11,"Arctic","Arctic"
"811","Vulpes lagopus","position22",3,"Arctic","Arctic"
"812","Vulpes lagopus","position23",0.17,"Arctic","Arctic"
"813","Vulpes lagopus","position24",0.27,"Arctic","Arctic"
"814","Vulpes lagopus","position25",2.88,"Arctic","Arctic"
"815","Vulpes lagopus","position26",2,"Arctic","Arctic"
"816","Vulpes lagopus","position27",7.03,"Arctic","Arctic"
"817","Vulpes lagopus","position28",0.36,"Arctic","Arctic"
"818","Vulpes lagopus","position29",0.04,"Arctic","Arctic"
"819","Vulpes lagopus","position30",3.17,"Arctic","Arctic"
